-- MySQL dump 10.13  Distrib 8.0.28, for Win64 (x86_64)
--
-- Host: 14.63.62.56    Database: airline_02
-- ------------------------------------------------------
-- Server version	8.0.31

/*!40101 SET @OLD_CHARACTER_SET_CLIENT=@@CHARACTER_SET_CLIENT */;
/*!40101 SET @OLD_CHARACTER_SET_RESULTS=@@CHARACTER_SET_RESULTS */;
/*!40101 SET @OLD_COLLATION_CONNECTION=@@COLLATION_CONNECTION */;
/*!50503 SET NAMES utf8 */;
/*!40103 SET @OLD_TIME_ZONE=@@TIME_ZONE */;
/*!40103 SET TIME_ZONE='+00:00' */;
/*!40014 SET @OLD_UNIQUE_CHECKS=@@UNIQUE_CHECKS, UNIQUE_CHECKS=0 */;
/*!40014 SET @OLD_FOREIGN_KEY_CHECKS=@@FOREIGN_KEY_CHECKS, FOREIGN_KEY_CHECKS=0 */;
/*!40101 SET @OLD_SQL_MODE=@@SQL_MODE, SQL_MODE='NO_AUTO_VALUE_ON_ZERO' */;
/*!40111 SET @OLD_SQL_NOTES=@@SQL_NOTES, SQL_NOTES=0 */;

--
-- Table structure for table `aircraft`
--

DROP TABLE IF EXISTS `aircraft`;
/*!40101 SET @saved_cs_client     = @@character_set_client */;
/*!50503 SET character_set_client = utf8mb4 */;
CREATE TABLE `aircraft` (
  `AIRCRAFT_ID` int NOT NULL,
  `AIRCRAFT_MODEL` varchar(45) DEFAULT NULL,
  `AIRCRAFT_MFR` varchar(45) DEFAULT NULL,
  PRIMARY KEY (`AIRCRAFT_ID`)
) ENGINE=InnoDB DEFAULT CHARSET=utf8mb4 COLLATE=utf8mb4_0900_ai_ci;
/*!40101 SET character_set_client = @saved_cs_client */;

--
-- Dumping data for table `aircraft`
--

LOCK TABLES `aircraft` WRITE;
/*!40000 ALTER TABLE `aircraft` DISABLE KEYS */;
INSERT INTO `aircraft` VALUES (1,'B737-800','The Boeing Company');
/*!40000 ALTER TABLE `aircraft` ENABLE KEYS */;
UNLOCK TABLES;

--
-- Table structure for table `airport`
--

DROP TABLE IF EXISTS `airport`;
/*!40101 SET @saved_cs_client     = @@character_set_client */;
/*!50503 SET character_set_client = utf8mb4 */;
CREATE TABLE `airport` (
  `AIRPORT_ID` int NOT NULL,
  `AIRPORT_NAME` varchar(45) NOT NULL,
  `AIRPORT_CODE` varchar(45) NOT NULL,
  `AIRPORT_HOMEPAGE` varchar(200) DEFAULT NULL,
  `AIRPORT_TEL` varchar(45) DEFAULT NULL,
  `AIRPORT_HOURS` varchar(45) DEFAULT NULL,
  PRIMARY KEY (`AIRPORT_ID`)
) ENGINE=InnoDB DEFAULT CHARSET=utf8mb4 COLLATE=utf8mb4_0900_ai_ci;
/*!40101 SET character_set_client = @saved_cs_client */;

--
-- Dumping data for table `airport`
--

LOCK TABLES `airport` WRITE;
/*!40000 ALTER TABLE `airport` DISABLE KEYS */;
INSERT INTO `airport` VALUES (1,'서울(인천)','ICN','https://www.airport.kr/ap/ko/index.do#','1577-2600','00:00 ~ 23:59'),(2,'서울(김포)','GMP','https://www.airport.co.kr/gimpo/index.do','1661-2626','04:30 ~ 23:00'),(3,'부산(김해)','PUS','https://www.airport.co.kr/gimhae/index.do','1661-2626','05:00 ~ 23:00'),(4,'제주','CJU','https://www.airport.co.kr/jeju/index.do','1661-2626','05:00 ~ 23:00'),(5,'광주','KWJ','https://www.airport.co.kr/gwangju/index.do','1661-2626','07:00 ~ 22:00'),(6,'군산','KUV','https://www.airport.co.kr/gunsan/index.do','1661-2626','07:00 ~ 22:00'),(7,'청주','CJJ','https://www.airport.co.kr/cheongju/index.do','1661-2626','06:00 ~ 23:00'),(8,'대구','TAE','https://www.airport.co.kr/daegu/index.do','1661-2626','05:00 ~ 23:59');
/*!40000 ALTER TABLE `airport` ENABLE KEYS */;
UNLOCK TABLES;

--
-- Table structure for table `board`
--

DROP TABLE IF EXISTS `board`;
/*!40101 SET @saved_cs_client     = @@character_set_client */;
/*!50503 SET character_set_client = utf8mb4 */;
CREATE TABLE `board` (
  `BOARD_ID` int NOT NULL,
  `USER_ID` int NOT NULL,
  `BOARD_TITLE` varchar(100) DEFAULT NULL,
  `BOARD_CONTENT` varchar(2000) DEFAULT NULL,
  `BOARD_COUNT` int DEFAULT NULL,
  `REGDATE` datetime DEFAULT NULL,
  `BOARD_REPLY` varchar(2000) DEFAULT NULL,
  PRIMARY KEY (`BOARD_ID`),
  KEY `fk_BOARD_USER_idx` (`USER_ID`),
  CONSTRAINT `fk_BOARD_USER_ID` FOREIGN KEY (`USER_ID`) REFERENCES `user` (`USER_ID`) ON DELETE CASCADE ON UPDATE CASCADE
) ENGINE=InnoDB DEFAULT CHARSET=utf8mb4 COLLATE=utf8mb4_0900_ai_ci;
/*!40101 SET character_set_client = @saved_cs_client */;

--
-- Dumping data for table `board`
--

LOCK TABLES `board` WRITE;
/*!40000 ALTER TABLE `board` DISABLE KEYS */;
INSERT INTO `board` VALUES (3,10001,'국내선 문의','김포-부산 구간 문의',0,'2022-12-01 19:54:03',NULL),(4,10002,'제주 문의드려요. ','청주 - 제주 구간 문의 ',0,'2022-12-01 19:55:39',NULL),(5,10003,'문의드립니다. ','문의 드립니다. ',1,'2022-12-01 19:56:34',NULL),(6,10004,'질문입니다.','국내선 탑승 구간 관련 문의 ',1,'2022-12-01 19:57:06',NULL),(7,10003,'문의1','문의1',0,'2022-12-01 19:57:50',NULL),(9,10003,'문의1','문의 ',0,'2022-12-01 19:59:34',NULL),(10,10003,'문의2','문의2',0,'2022-12-01 20:00:19',NULL),(11,10003,'문의3','문의3\r\ntest',1,'2022-12-01 20:00:29',NULL),(13,10003,'문의드려요!!','문의입니다.',0,'2022-12-02 09:28:43',NULL),(15,10003,'문의4','문의',1,'2022-12-02 10:42:45','문의'),(16,10001,'문의1','문의',1,'2022-12-02 11:06:22','답변'),(17,10016,'메소 드랍률 안올려주나요?','강원기디렉터 사퇴시켜주세요',4,'2022-12-02 11:21:19','죄송합니다'),(18,1,'공지사항','공지사항',2,'2022-12-02 11:38:28',NULL),(19,1,'문의','문의드립니다 TEST',1,'2022-12-02 14:58:46',NULL);
/*!40000 ALTER TABLE `board` ENABLE KEYS */;
UNLOCK TABLES;

--
-- Table structure for table `flight`
--

DROP TABLE IF EXISTS `flight`;
/*!40101 SET @saved_cs_client     = @@character_set_client */;
/*!50503 SET character_set_client = utf8mb4 */;
CREATE TABLE `flight` (
  `FLIGHT_ID` int NOT NULL,
  `FLIGHT_CODE` varchar(10) DEFAULT NULL,
  `DEPART_TIME` time DEFAULT NULL,
  `ARRIVAL_TIME` time DEFAULT NULL,
  `AIRCRAFT_ID` int NOT NULL,
  `AIRPORT_DPT` varchar(45) NOT NULL,
  `AIRPORT_ARV` varchar(45) NOT NULL,
  PRIMARY KEY (`FLIGHT_ID`),
  KEY `fk.aircraft_id_idx` (`AIRCRAFT_ID`),
  CONSTRAINT `fk.aircraft_id` FOREIGN KEY (`AIRCRAFT_ID`) REFERENCES `aircraft` (`AIRCRAFT_ID`)
) ENGINE=InnoDB DEFAULT CHARSET=utf8mb4 COLLATE=utf8mb4_0900_ai_ci;
/*!40101 SET character_set_client = @saved_cs_client */;

--
-- Dumping data for table `flight`
--

LOCK TABLES `flight` WRITE;
/*!40000 ALTER TABLE `flight` DISABLE KEYS */;
INSERT INTO `flight` VALUES (1,'7C101','06:25:00','07:35:00',1,'GMP','CJU'),(2,'7C103','07:00:00','08:10:00',1,'GMP','CJU'),(3,'7C105','07:40:00','08:50:00',1,'GMP','CJU'),(4,'7C106','10:10:00','11:20:00',1,'CJU','GMP'),(5,'7C107','09:00:00','10:10:00',1,'GMP','CJU'),(6,'7C108','10:50:00','12:00:00',1,'CJU','GMP'),(7,'7C112','11:40:00','12:50:00',1,'CJU','GMP'),(8,'7C114','12:10:00','13:20:00',1,'CJU','GMP'),(9,'7C115','12:15:00','13:35:00',1,'GMP','CJU'),(10,'7C116','13:25:00','14:35:00',1,'CJU','GMP'),(11,'7C117','12:40:00','13:50:00',1,'GMP','CJU'),(12,'7C118','14:00:00','15:10:00',1,'CJU','GMP'),(13,'7C119','13:30:00','14:40:00',1,'GMP','CJU'),(14,'7C121','14:40:00','15:50:00',1,'GMP','CJU'),(15,'7C122','17:20:00','18:30:00',1,'CJU','GMP'),(16,'7C123','15:30:00','16:40:00',1,'GMP','CJU'),(17,'7C124','17:55:00','19:05:00',1,'CJU','GMP'),(18,'7C125','15:50:00','17:05:00',1,'GMP','CJU'),(19,'7C126','20:00:00','21:10:00',1,'CJU','GMP'),(20,'7C128','20:50:00','22:00:00',1,'CJU','GMP'),(21,'7C129','19:05:00','20:15:00',1,'GMP','CJU'),(22,'7C130','21:05:00','22:15:00',1,'CJU','GMP'),(23,'7C133','19:30:00','20:40:00',1,'GMP','CJU'),(24,'7C134','21:20:00','22:30:00',1,'CJU','GMP'),(25,'7C135','10:30:00','11:30:00',1,'GMP','CJU'),(26,'7C136','08:45:00','09:55:00',1,'CJU','GMP'),(27,'7C137','18:55:00','20:05:00',1,'GMP','CJU'),(28,'7C138','17:10:00','18:20:00',1,'CJU','GMP'),(29,'7C140','07:40:00','08:50:00',1,'CJU','GMP'),(30,'7C140','08:00:00','09:10:00',1,'CJU','GMP'),(31,'7C141','09:25:00','10:35:00',1,'GMP','CJU'),(32,'7C142','11:15:00','12:25:00',1,'CJU','GMP'),(33,'7C143','13:15:00','14:25:00',1,'GMP','CJU'),(34,'7C144','15:00:00','16:10:00',1,'CJU','GMP'),(35,'7C145','16:50:00','18:05:00',1,'GMP','CJU'),(36,'7C145','16:45:00','17:55:00',1,'GMP','CJU'),(37,'7C146','18:40:00','19:50:00',1,'CJU','GMP'),(38,'7C147','20:30:00','21:40:00',1,'GMP','CJU'),(39,'7C151','06:15:00','07:30:00',1,'GMP','CJU'),(40,'7C154','12:20:00','13:30:00',1,'CJU','GMP'),(41,'7C155','15:10:00','16:20:00',1,'GMP','CJU'),(42,'7C158','21:10:00','22:20:00',1,'CJU','GMP'),(43,'7C160','06:35:00','07:45:00',1,'CJU','GMP'),(44,'7C161','20:05:00','21:15:00',1,'GMP','CJU'),(45,'7C161','18:50:00','20:00:00',1,'GMP','CJU'),(46,'7C161','20:25:00','21:35:00',1,'GMP','CJU'),(47,'7C162','12:00:00','13:10:00',1,'CJU','GMP'),(48,'7C162','12:40:00','13:50:00',1,'CJU','GMP'),(49,'7C167','12:55:00','14:05:00',1,'GMP','CJU'),(50,'7C168','16:00:00','17:10:00',1,'CJU','GMP'),(51,'7C169','20:25:00','21:40:00',1,'GMP','CJU'),(52,'7C202','07:35:00','08:30:00',1,'GMP','PUS'),(53,'7C202','07:35:00','08:30:00',1,'GMP','PUS'),(54,'7C203','11:05:00','12:00:00',1,'PUS','GMP'),(55,'7C203','11:05:00','12:00:00',1,'PUS','GMP'),(56,'7C204','09:05:00','10:00:00',1,'GMP','PUS'),(57,'7C204','09:05:00','10:00:00',1,'GMP','PUS'),(58,'7C207','20:30:00','21:30:00',1,'PUS','GMP'),(59,'7C208','19:45:00','20:45:00',1,'GMP','PUS'),(60,'7C211','07:30:00','08:25:00',1,'PUS','GMP'),(61,'7C211','07:30:00','08:25:00',1,'PUS','GMP'),(62,'7C260','08:00:00','09:00:00',1,'GMP','PUS'),(63,'7C260','08:00:00','09:00:00',1,'GMP','PUS'),(64,'7C261','11:05:00','12:05:00',1,'PUS','GMP'),(65,'7C261','11:05:00','12:05:00',1,'PUS','GMP'),(66,'7C262','12:45:00','13:45:00',1,'GMP','PUS'),(67,'7C263','14:30:00','15:35:00',1,'PUS','GMP'),(68,'7C264','16:35:00','17:35:00',1,'GMP','PUS'),(69,'7C265','18:30:00','19:25:00',1,'PUS','GMP'),(70,'7C266','09:35:00','10:35:00',1,'GMP','PUS'),(71,'7C269','16:45:00','17:40:00',1,'PUS','GMP'),(72,'7C270','10:25:00','11:25:00',1,'GMP','PUS'),(73,'7C271','12:30:00','13:25:00',1,'PUS','GMP'),(74,'7C272','14:05:00','15:05:00',1,'GMP','PUS'),(75,'7C273','15:45:00','16:40:00',1,'PUS','GMP'),(76,'7C274','17:25:00','18:35:00',1,'GMP','PUS'),(77,'7C275','19:35:00','20:35:00',1,'PUS','GMP'),(78,'7C276','18:00:00','19:05:00',1,'GMP','PUS'),(79,'7C277','20:00:00','20:55:00',1,'PUS','GMP'),(80,'7C277','20:35:00','21:30:00',1,'PUS','GMP'),(81,'7C284','13:30:00','14:25:00',1,'GMP','PUS'),(82,'7C284','11:00:00','11:55:00',1,'GMP','PUS'),(83,'7C285','15:35:00','16:30:00',1,'PUS','GMP'),(84,'7C285','13:00:00','13:55:00',1,'PUS','GMP'),(85,'7C286','17:00:00','17:55:00',1,'GMP','PUS'),(86,'7C287','19:00:00','20:05:00',1,'PUS','GMP'),(87,'7C301','19:00:00','20:00:00',1,'RSU','GMP'),(88,'7C302','09:00:00','10:00:00',1,'GMP','RSU'),(89,'7C303','18:20:00','19:35:00',1,'RSU','GMP'),(90,'7C303','17:40:00','18:40:00',1,'RSU','GMP'),(91,'7C304','16:00:00','17:00:00',1,'GMP','RSU'),(92,'7C305','14:50:00','15:50:00',1,'RSU','GMP'),(93,'7C306','09:55:00','10:55:00',1,'GMP','RSU'),(94,'7C361','08:55:00','09:50:00',1,'GMP','KWJ'),(95,'7C362','11:10:00','12:10:00',1,'KWJ','GMP'),(96,'7C365','16:30:00','17:30:00',1,'GMP','KWJ'),(97,'7C366','18:20:00','19:20:00',1,'KWJ','GMP'),(98,'7C503','08:05:00','09:05:00',1,'PUS','CJU'),(99,'7C503','08:00:00','09:05:00',1,'PUS','CJU'),(100,'7C504','10:45:00','11:45:00',1,'CJU','PUS'),(101,'7C505','09:10:00','10:10:00',1,'PUS','CJU'),(102,'7C506','13:00:00','14:00:00',1,'CJU','PUS'),(103,'7C508','14:05:00','15:00:00',1,'CJU','PUS'),(104,'7C509','12:20:00','13:20:00',1,'PUS','CJU'),(105,'7C510','15:20:00','16:20:00',1,'CJU','PUS'),(106,'7C511','14:40:00','15:40:00',1,'PUS','CJU'),(107,'7C513','15:30:00','16:40:00',1,'PUS','CJU'),(108,'7C514','18:40:00','19:40:00',1,'CJU','PUS'),(109,'7C514','18:40:00','19:30:00',1,'CJU','PUS'),(110,'7C515','17:05:00','18:00:00',1,'PUS','CJU'),(111,'7C515','17:00:00','18:00:00',1,'PUS','CJU'),(112,'7C516','20:05:00','21:05:00',1,'CJU','PUS'),(113,'7C601','10:15:00','11:10:00',1,'KWJ','CJU'),(114,'7C602','08:20:00','09:10:00',1,'CJU','KWJ'),(115,'7C605','18:30:00','19:20:00',1,'KWJ','CJU'),(116,'7C606','16:50:00','17:40:00',1,'CJU','KWJ'),(117,'7C611','10:50:00','11:50:00',1,'RSU','CJU'),(118,'7C611','12:15:00','13:15:00',1,'RSU','CJU'),(119,'7C612','17:05:00','18:05:00',1,'CJU','RSU'),(120,'7C621','11:35:00','12:30:00',1,'KUV','CJU'),(121,'7C622','09:45:00','10:40:00',1,'CJU','KUV'),(122,'7C622','09:00:00','10:00:00',1,'CJU','KUV'),(123,'7C622','10:05:00','11:00:00',1,'CJU','KUV'),(124,'7C623','18:00:00','18:55:00',1,'KUV','CJU'),(125,'7C624','16:25:00','17:20:00',1,'CJU','KUV'),(126,'7C624','16:35:00','17:30:00',1,'CJU','KUV'),(127,'7C624','16:00:00','17:00:00',1,'CJU','KUV'),(128,'7C701','08:20:00','09:35:00',1,'TAE','CJU'),(129,'7C704','14:25:00','15:30:00',1,'CJU','TAE'),(130,'7C705','16:05:00','17:15:00',1,'TAE','CJU'),(131,'7C706','17:45:00','18:55:00',1,'CJU','TAE'),(132,'7C711','06:15:00','07:30:00',1,'TAE','CJU'),(133,'7C718','21:35:00','22:45:00',1,'CJU','TAE'),(134,'7C801','11:20:00','12:25:00',1,'CJJ','CJU'),(135,'7C802','09:35:00','10:40:00',1,'CJU','CJJ'),(136,'7C811','08:40:00','10:00:00',1,'CJJ','CJU'),(137,'7C812','12:05:00','13:10:00',1,'CJU','CJJ'),(138,'7C812','12:05:00','13:10:00',1,'CJU','CJJ'),(139,'7C813','15:10:00','16:30:00',1,'CJJ','CJU'),(140,'7C814','19:25:00','20:30:00',1,'CJU','CJJ'),(141,'7C851','10:10:00','11:20:00',1,'CJJ','CJU'),(142,'7C852','08:10:00','09:20:00',1,'CJU','CJJ'),(143,'7C853','19:20:00','20:35:00',1,'CJJ','CJU'),(144,'7C854','17:30:00','18:40:00',1,'CJU','CJJ'),(145,'7C881','21:30:00','22:30:00',1,'CJJ','CJU'),(146,'7C882','22:20:00','23:30:00',1,'CJU','CJJ');
/*!40000 ALTER TABLE `flight` ENABLE KEYS */;
UNLOCK TABLES;

--
-- Table structure for table `passenger`
--

DROP TABLE IF EXISTS `passenger`;
/*!40101 SET @saved_cs_client     = @@character_set_client */;
/*!50503 SET character_set_client = utf8mb4 */;
CREATE TABLE `passenger` (
  `PASSENGER_ID` int NOT NULL,
  `FIRST_NAME` varchar(45) DEFAULT NULL,
  `LAST_NAME` varchar(45) DEFAULT NULL,
  `PHONE` varchar(45) NOT NULL,
  `PASSPORT_NO` varchar(45) DEFAULT NULL,
  `BIRTHDATE` datetime NOT NULL,
  `GENDER` varchar(45) NOT NULL,
  `USER_ID` int NOT NULL,
  PRIMARY KEY (`PASSENGER_ID`),
  KEY `fk_user_id_idx` (`USER_ID`)
) ENGINE=InnoDB DEFAULT CHARSET=utf8mb4 COLLATE=utf8mb4_0900_ai_ci;
/*!40101 SET character_set_client = @saved_cs_client */;

--
-- Dumping data for table `passenger`
--

LOCK TABLES `passenger` WRITE;
/*!40000 ALTER TABLE `passenger` DISABLE KEYS */;
INSERT INTO `passenger` VALUES (1,'동윤','강','010-1234-1234','M123456','1996-09-14 00:00:00','남자',10000),(2,'창혁','김','010-3456-3456','M234567','1997-01-01 00:00:00','남자',10000),(3,'윤정','강','010-1357-1357','M135790','1998-02-02 00:00:00','여자',10000),(4,'영롱','임','010-4405-8765','M111111','1996-12-12 00:00:00','남자',10000),(5,'영붕','임','010-4405-8365','123143','1996-12-14 00:00:00','남자',10000),(6,'CHANGHYUCK','KIM','0630000000',NULL,'2022-11-27 00:00:00','남성',1),(7,'DONGYOOOON','KANG','010-8789-9863',NULL,'2005-12-14 00:00:00','남성',1),(8,'RR','RR','DD',NULL,'1111-11-11 00:00:00','남성',1),(9,'CHANGHYUCK','KIM','0630000000',NULL,'2022-11-27 00:00:00','남성',1),(10,'CHANGHYUCK','KIM','0630000000',NULL,'2022-11-27 00:00:00','남성',1),(11,'CHANGHYUCK','KIM','0630000000',NULL,'2022-11-27 00:00:00','남성',1),(12,'Tarak','PowerWarrior','010111111111111111111111',NULL,'1996-03-20 00:00:00','남성',10016),(13,'Tarak','asdasd','asdasd',NULL,'1996-03-20 00:00:00','남성',10016),(14,'asdasd','asdasd','123123',NULL,'1996-03-20 00:00:00','남성',10016),(15,'KANG','YUNJEONG','010-4444-4444',NULL,'1990-01-01 00:00:00','여성',10003),(16,'asdasd','asdasd','123123',NULL,'1996-03-20 00:00:00','남성',10016),(17,'laa','afsa','1231231',NULL,'1996-03-20 00:00:00','남성',10016),(18,'laa','afsa','1231231',NULL,'1996-03-20 00:00:00','남성',10016),(19,'laa','afsa','1231231',NULL,'1996-03-20 00:00:00','남성',10016),(20,'asd','asd','1231231',NULL,'1996-03-20 00:00:00','남성',10016),(21,'asd','asd','1231231',NULL,'1996-03-20 00:00:00','남성',10016),(22,'asd','asd','1231231',NULL,'1996-03-20 00:00:00','남성',10016),(23,'asd','asd','1231231',NULL,'1996-03-20 00:00:00','남성',10016),(24,'asd','asd','1231231',NULL,'1996-03-20 00:00:00','남성',10016),(25,'asd','asd','1231231',NULL,'1996-03-20 00:00:00','남성',10016),(26,'asdsad','asdasd','123123123',NULL,'1996-03-20 00:00:00','남성',10016),(27,'asdsad','asdasd','123123123',NULL,'1996-03-20 00:00:00','남성',10016),(28,'asdsad','asdasd','123123123',NULL,'1996-03-20 00:00:00','남성',10016),(29,'asdsad','asdasd','123123123',NULL,'1996-03-20 00:00:00','남성',10016),(30,'asdsad','asdasd','123123123',NULL,'1996-03-20 00:00:00','남성',10016),(31,'asdsad','asdasd','123123123',NULL,'1996-03-20 00:00:00','남성',10016),(32,'asdsad','asdasd','123123123',NULL,'1996-03-20 00:00:00','남성',10016),(33,'asd','asd','1231',NULL,'1996-03-20 00:00:00','남성',10016),(34,'asd','asd','1231',NULL,'1996-03-20 00:00:00','남성',10016),(35,'asd','asd','1231',NULL,'1996-03-20 00:00:00','남성',10016),(36,'asd','asd','1231',NULL,'1996-03-20 00:00:00','남성',10016),(37,'asd','asd','1231',NULL,'1996-03-20 00:00:00','남성',10016),(38,'asd','asd','1231',NULL,'1996-03-20 00:00:00','남성',10016),(39,'asd','asd','1231',NULL,'1996-03-20 00:00:00','남성',10016),(40,'jung','jaeung','01012345678',NULL,'1999-01-11 00:00:00','남성',10004),(41,'KANG','YUNJEONG','010-1111-1111',NULL,'1990-01-01 00:00:00','여성',10003),(42,'KANG','DONGYUN','010-1111-1111',NULL,'1999-11-11 00:00:00','남성',1),(43,'KIM','JAEWON','010-1111-1111',NULL,'2008-01-01 00:00:00','남성',1);
/*!40000 ALTER TABLE `passenger` ENABLE KEYS */;
UNLOCK TABLES;

--
-- Table structure for table `reservation`
--

DROP TABLE IF EXISTS `reservation`;
/*!40101 SET @saved_cs_client     = @@character_set_client */;
/*!50503 SET character_set_client = utf8mb4 */;
CREATE TABLE `reservation` (
  `RESERVATION_ID` int NOT NULL,
  `PASSENGER_ID` int NOT NULL,
  `FLIGHT_ID` int NOT NULL,
  `SEAT_ID` int NOT NULL,
  `DEPART_DATETIME` datetime NOT NULL,
  `ARRIVAL_DATETIME` datetime NOT NULL,
  `SEAT_NO` varchar(5) DEFAULT NULL,
  `UPDATE_RESERVATION` char(2) DEFAULT 'N',
  `USER_ID` int NOT NULL,
  `SEAT_COL` char(1) DEFAULT NULL,
  PRIMARY KEY (`RESERVATION_ID`,`PASSENGER_ID`,`FLIGHT_ID`,`SEAT_ID`),
  KEY `fk_RESERVATION_PASSENGER1_idx` (`PASSENGER_ID`),
  KEY `fk_RESERVATION_SEAT1_idx` (`FLIGHT_ID`,`SEAT_ID`,`SEAT_COL`),
  KEY `fk_RESERVATION_SEAT_ID_idx` (`SEAT_ID`),
  KEY `fk_RESERVATION_USER_ID` (`USER_ID`),
  CONSTRAINT `fk_RESERVATION_PASSENGER1` FOREIGN KEY (`PASSENGER_ID`) REFERENCES `passenger` (`PASSENGER_ID`) ON DELETE CASCADE ON UPDATE CASCADE,
  CONSTRAINT `fk_RESERVATION_USER_ID` FOREIGN KEY (`USER_ID`) REFERENCES `user` (`USER_ID`) ON DELETE CASCADE ON UPDATE CASCADE
) ENGINE=InnoDB DEFAULT CHARSET=utf8mb4 COLLATE=utf8mb4_0900_ai_ci;
/*!40101 SET character_set_client = @saved_cs_client */;

--
-- Dumping data for table `reservation`
--

LOCK TABLES `reservation` WRITE;
/*!40000 ALTER TABLE `reservation` DISABLE KEYS */;
INSERT INTO `reservation` VALUES (2,1,2,2,'2022-12-05 07:00:00','2022-12-05 08:10:00','A3','N',10000,'A'),(2,1,4,1,'2022-12-15 10:10:00','2022-12-15 11:20:00','A3','N',10000,'A'),(15,20,1,2,'2022-12-07 06:25:00','2022-12-07 07:35:00','A10','N',10016,'A'),(15,20,6,2,'2023-01-17 10:50:00','2023-01-17 12:00:00','A17','N',10016,'A'),(16,40,1,2,'2023-01-11 06:25:00','2023-01-11 07:35:00','A11','N',10004,'A'),(16,40,4,2,'2023-01-12 10:10:00','2023-01-12 11:20:00','A10','N',10004,'A'),(17,41,1,2,'2022-12-28 06:25:00','2022-12-28 07:35:00','A12','N',10003,'A'),(17,41,6,2,'2022-12-31 10:50:00','2022-12-31 12:00:00','A10','N',10003,'A'),(18,42,1,1,'2022-12-07 06:25:00','2022-12-07 07:35:00','A1','N',1,'A'),(18,42,4,1,'2022-12-09 10:10:00','2022-12-09 11:20:00','A1','N',1,'A'),(19,43,1,1,'2023-01-08 06:25:00','2023-01-08 07:35:00','A2','N',1,'A'),(19,43,6,2,'2023-01-10 10:50:00','2023-01-10 12:00:00','A11','N',1,'A');
/*!40000 ALTER TABLE `reservation` ENABLE KEYS */;
UNLOCK TABLES;

--
-- Table structure for table `seat`
--

DROP TABLE IF EXISTS `seat`;
/*!40101 SET @saved_cs_client     = @@character_set_client */;
/*!50503 SET character_set_client = utf8mb4 */;
CREATE TABLE `seat` (
  `FLIGHT_ID` int NOT NULL,
  `SEAT_ID` int NOT NULL,
  `SEAT_PRICE` int NOT NULL,
  `SEAT_TOTAL` int NOT NULL,
  `SEAT_COL` char(1) NOT NULL,
  `SEAT_ST_NO` int NOT NULL,
  `SEAT_END_NO` int NOT NULL,
  PRIMARY KEY (`FLIGHT_ID`,`SEAT_ID`,`SEAT_COL`),
  KEY `fk_SEAT_FLIGHT1_idx` (`FLIGHT_ID`),
  CONSTRAINT `fk_SEAT_FLIGHT1` FOREIGN KEY (`FLIGHT_ID`) REFERENCES `flight` (`FLIGHT_ID`) ON DELETE CASCADE ON UPDATE CASCADE
) ENGINE=InnoDB DEFAULT CHARSET=utf8mb4 COLLATE=utf8mb4_0900_ai_ci;
/*!40101 SET character_set_client = @saved_cs_client */;

--
-- Dumping data for table `seat`
--

LOCK TABLES `seat` WRITE;
/*!40000 ALTER TABLE `seat` DISABLE KEYS */;
INSERT INTO `seat` VALUES (1,1,200000,42,'A',1,7),(1,1,200000,42,'B',1,7),(1,1,200000,42,'C',1,7),(1,1,200000,42,'D',1,7),(1,1,200000,42,'E',1,7),(1,1,200000,42,'F',1,7),(1,2,150000,60,'A',8,17),(1,2,150000,60,'B',8,17),(1,2,150000,60,'C',8,17),(1,2,150000,60,'D',8,17),(1,2,150000,60,'E',8,17),(1,2,150000,60,'F',8,17),(1,3,100000,72,'A',18,29),(1,3,100000,72,'B',18,29),(1,3,100000,72,'C',18,29),(1,3,100000,72,'D',18,29),(1,3,100000,72,'E',18,29),(1,3,100000,72,'F',18,29),(2,1,200000,42,'A',1,7),(2,1,200000,42,'B',1,7),(2,1,200000,42,'C',1,7),(2,1,200000,42,'D',1,7),(2,1,200000,42,'E',1,7),(2,1,200000,42,'F',1,7),(2,2,150000,60,'A',8,17),(2,2,150000,60,'B',8,17),(2,2,150000,60,'C',8,17),(2,2,150000,60,'D',8,17),(2,2,150000,60,'E',8,17),(2,2,150000,60,'F',8,17),(2,3,100000,72,'A',18,29),(2,3,100000,72,'B',18,29),(2,3,100000,72,'C',18,29),(2,3,100000,72,'D',18,29),(2,3,100000,72,'E',18,29),(2,3,100000,72,'F',18,29),(3,1,200000,42,'A',1,7),(3,1,200000,42,'B',1,7),(3,1,200000,42,'C',1,7),(3,1,200000,42,'D',1,7),(3,1,200000,42,'E',1,7),(3,1,200000,42,'F',1,7),(3,2,150000,60,'A',8,17),(3,2,150000,60,'B',8,17),(3,2,150000,60,'C',8,17),(3,2,150000,60,'D',8,17),(3,2,150000,60,'E',8,17),(3,2,150000,60,'F',8,17),(3,3,100000,72,'A',18,29),(3,3,100000,72,'B',18,29),(3,3,100000,72,'C',18,29),(3,3,100000,72,'D',18,29),(3,3,100000,72,'E',18,29),(3,3,100000,72,'F',18,29),(4,1,200000,42,'A',1,7),(4,1,200000,42,'B',1,7),(4,1,200000,42,'C',1,7),(4,1,200000,42,'D',1,7),(4,1,200000,42,'E',1,7),(4,1,200000,42,'F',1,7),(4,2,150000,60,'A',8,17),(4,2,150000,60,'B',8,17),(4,2,150000,60,'C',8,17),(4,2,150000,60,'D',8,17),(4,2,150000,60,'E',8,17),(4,2,150000,60,'F',8,17),(4,3,100000,72,'A',18,29),(4,3,100000,72,'B',18,29),(4,3,100000,72,'C',18,29),(4,3,100000,72,'D',18,29),(4,3,100000,72,'E',18,29),(4,3,100000,72,'F',18,29),(5,1,200000,42,'A',1,7),(5,1,200000,42,'B',1,7),(5,1,200000,42,'C',1,7),(5,1,200000,42,'D',1,7),(5,1,200000,42,'E',1,7),(5,1,200000,42,'F',1,7),(5,2,150000,60,'A',8,17),(5,2,150000,60,'B',8,17),(5,2,150000,60,'C',8,17),(5,2,150000,60,'D',8,17),(5,2,150000,60,'E',8,17),(5,2,150000,60,'F',8,17),(5,3,100000,72,'A',18,29),(5,3,100000,72,'B',18,29),(5,3,100000,72,'C',18,29),(5,3,100000,72,'D',18,29),(5,3,100000,72,'E',18,29),(5,3,100000,72,'F',18,29),(6,1,200000,42,'A',1,7),(6,1,200000,42,'B',1,7),(6,1,200000,42,'C',1,7),(6,1,200000,42,'D',1,7),(6,1,200000,42,'E',1,7),(6,1,200000,42,'F',1,7),(6,2,150000,60,'A',8,17),(6,2,150000,60,'B',8,17),(6,2,150000,60,'C',8,17),(6,2,150000,60,'D',8,17),(6,2,150000,60,'E',8,17),(6,2,150000,60,'F',8,17),(6,3,100000,72,'A',18,29),(6,3,100000,72,'B',18,29),(6,3,100000,72,'C',18,29),(6,3,100000,72,'D',18,29),(6,3,100000,72,'E',18,29),(6,3,100000,72,'F',18,29),(7,1,200000,42,'A',1,7),(7,1,200000,42,'B',1,7),(7,1,200000,42,'C',1,7),(7,1,200000,42,'D',1,7),(7,1,200000,42,'E',1,7),(7,1,200000,42,'F',1,7),(7,2,150000,60,'A',8,17),(7,2,150000,60,'B',8,17),(7,2,150000,60,'C',8,17),(7,2,150000,60,'D',8,17),(7,2,150000,60,'E',8,17),(7,2,150000,60,'F',8,17),(7,3,100000,72,'A',18,29),(7,3,100000,72,'B',18,29),(7,3,100000,72,'C',18,29),(7,3,100000,72,'D',18,29),(7,3,100000,72,'E',18,29),(7,3,100000,72,'F',18,29),(8,1,200000,42,'A',1,7),(8,1,200000,42,'B',1,7),(8,1,200000,42,'C',1,7),(8,1,200000,42,'D',1,7),(8,1,200000,42,'E',1,7),(8,1,200000,42,'F',1,7),(8,2,150000,60,'A',8,17),(8,2,150000,60,'B',8,17),(8,2,150000,60,'C',8,17),(8,2,150000,60,'D',8,17),(8,2,150000,60,'E',8,17),(8,2,150000,60,'F',8,17),(8,3,100000,72,'A',18,29),(8,3,100000,72,'B',18,29),(8,3,100000,72,'C',18,29),(8,3,100000,72,'D',18,29),(8,3,100000,72,'E',18,29),(8,3,100000,72,'F',18,29),(9,1,200000,42,'A',1,7),(9,1,200000,42,'B',1,7),(9,1,200000,42,'C',1,7),(9,1,200000,42,'D',1,7),(9,1,200000,42,'E',1,7),(9,1,200000,42,'F',1,7),(9,2,150000,60,'A',8,17),(9,2,150000,60,'B',8,17),(9,2,150000,60,'C',8,17),(9,2,150000,60,'D',8,17),(9,2,150000,60,'E',8,17),(9,2,150000,60,'F',8,17),(9,3,100000,72,'A',18,29),(9,3,100000,72,'B',18,29),(9,3,100000,72,'C',18,29),(9,3,100000,72,'D',18,29),(9,3,100000,72,'E',18,29),(9,3,100000,72,'F',18,29),(10,1,200000,42,'A',1,7),(10,1,200000,42,'B',1,7),(10,1,200000,42,'C',1,7),(10,1,200000,42,'D',1,7),(10,1,200000,42,'E',1,7),(10,1,200000,42,'F',1,7),(10,2,150000,60,'A',8,17),(10,2,150000,60,'B',8,17),(10,2,150000,60,'C',8,17),(10,2,150000,60,'D',8,17),(10,2,150000,60,'E',8,17),(10,2,150000,60,'F',8,17),(10,3,100000,72,'A',18,29),(10,3,100000,72,'B',18,29),(10,3,100000,72,'C',18,29),(10,3,100000,72,'D',18,29),(10,3,100000,72,'E',18,29),(10,3,100000,72,'F',18,29),(11,1,200000,42,'A',1,7),(11,1,200000,42,'B',1,7),(11,1,200000,42,'C',1,7),(11,1,200000,42,'D',1,7),(11,1,200000,42,'E',1,7),(11,1,200000,42,'F',1,7),(11,2,150000,60,'A',8,17),(11,2,150000,60,'B',8,17),(11,2,150000,60,'C',8,17),(11,2,150000,60,'D',8,17),(11,2,150000,60,'E',8,17),(11,2,150000,60,'F',8,17),(11,3,100000,72,'A',18,29),(11,3,100000,72,'B',18,29),(11,3,100000,72,'C',18,29),(11,3,100000,72,'D',18,29),(11,3,100000,72,'E',18,29),(11,3,100000,72,'F',18,29),(12,1,200000,42,'A',1,7),(12,1,200000,42,'B',1,7),(12,1,200000,42,'C',1,7),(12,1,200000,42,'D',1,7),(12,1,200000,42,'E',1,7),(12,1,200000,42,'F',1,7),(12,2,150000,60,'A',8,17),(12,2,150000,60,'B',8,17),(12,2,150000,60,'C',8,17),(12,2,150000,60,'D',8,17),(12,2,150000,60,'E',8,17),(12,2,150000,60,'F',8,17),(12,3,100000,72,'A',18,29),(12,3,100000,72,'B',18,29),(12,3,100000,72,'C',18,29),(12,3,100000,72,'D',18,29),(12,3,100000,72,'E',18,29),(12,3,100000,72,'F',18,29),(13,1,200000,42,'A',1,7),(13,1,200000,42,'B',1,7),(13,1,200000,42,'C',1,7),(13,1,200000,42,'D',1,7),(13,1,200000,42,'E',1,7),(13,1,200000,42,'F',1,7),(13,2,150000,60,'A',8,17),(13,2,150000,60,'B',8,17),(13,2,150000,60,'C',8,17),(13,2,150000,60,'D',8,17),(13,2,150000,60,'E',8,17),(13,2,150000,60,'F',8,17),(13,3,100000,72,'A',18,29),(13,3,100000,72,'B',18,29),(13,3,100000,72,'C',18,29),(13,3,100000,72,'D',18,29),(13,3,100000,72,'E',18,29),(13,3,100000,72,'F',18,29),(14,1,200000,42,'A',1,7),(14,1,200000,42,'B',1,7),(14,1,200000,42,'C',1,7),(14,1,200000,42,'D',1,7),(14,1,200000,42,'E',1,7),(14,1,200000,42,'F',1,7),(14,2,150000,60,'A',8,17),(14,2,150000,60,'B',8,17),(14,2,150000,60,'C',8,17),(14,2,150000,60,'D',8,17),(14,2,150000,60,'E',8,17),(14,2,150000,60,'F',8,17),(14,3,100000,72,'A',18,29),(14,3,100000,72,'B',18,29),(14,3,100000,72,'C',18,29),(14,3,100000,72,'D',18,29),(14,3,100000,72,'E',18,29),(14,3,100000,72,'F',18,29),(15,1,200000,42,'A',1,7),(15,1,200000,42,'B',1,7),(15,1,200000,42,'C',1,7),(15,1,200000,42,'D',1,7),(15,1,200000,42,'E',1,7),(15,1,200000,42,'F',1,7),(15,2,150000,60,'A',8,17),(15,2,150000,60,'B',8,17),(15,2,150000,60,'C',8,17),(15,2,150000,60,'D',8,17),(15,2,150000,60,'E',8,17),(15,2,150000,60,'F',8,17),(15,3,100000,72,'A',18,29),(15,3,100000,72,'B',18,29),(15,3,100000,72,'C',18,29),(15,3,100000,72,'D',18,29),(15,3,100000,72,'E',18,29),(15,3,100000,72,'F',18,29),(16,1,200000,42,'A',1,7),(16,1,200000,42,'B',1,7),(16,1,200000,42,'C',1,7),(16,1,200000,42,'D',1,7),(16,1,200000,42,'E',1,7),(16,1,200000,42,'F',1,7),(16,2,150000,60,'A',8,17),(16,2,150000,60,'B',8,17),(16,2,150000,60,'C',8,17),(16,2,150000,60,'D',8,17),(16,2,150000,60,'E',8,17),(16,2,150000,60,'F',8,17),(16,3,100000,72,'A',18,29),(16,3,100000,72,'B',18,29),(16,3,100000,72,'C',18,29),(16,3,100000,72,'D',18,29),(16,3,100000,72,'E',18,29),(16,3,100000,72,'F',18,29),(17,1,200000,42,'A',1,7),(17,1,200000,42,'B',1,7),(17,1,200000,42,'C',1,7),(17,1,200000,42,'D',1,7),(17,1,200000,42,'E',1,7),(17,1,200000,42,'F',1,7),(17,2,150000,60,'A',8,17),(17,2,150000,60,'B',8,17),(17,2,150000,60,'C',8,17),(17,2,150000,60,'D',8,17),(17,2,150000,60,'E',8,17),(17,2,150000,60,'F',8,17),(17,3,100000,72,'A',18,29),(17,3,100000,72,'B',18,29),(17,3,100000,72,'C',18,29),(17,3,100000,72,'D',18,29),(17,3,100000,72,'E',18,29),(17,3,100000,72,'F',18,29),(18,1,200000,42,'A',1,7),(18,1,200000,42,'B',1,7),(18,1,200000,42,'C',1,7),(18,1,200000,42,'D',1,7),(18,1,200000,42,'E',1,7),(18,1,200000,42,'F',1,7),(18,2,150000,60,'A',8,17),(18,2,150000,60,'B',8,17),(18,2,150000,60,'C',8,17),(18,2,150000,60,'D',8,17),(18,2,150000,60,'E',8,17),(18,2,150000,60,'F',8,17),(18,3,100000,72,'A',18,29),(18,3,100000,72,'B',18,29),(18,3,100000,72,'C',18,29),(18,3,100000,72,'D',18,29),(18,3,100000,72,'E',18,29),(18,3,100000,72,'F',18,29),(19,1,200000,42,'A',1,7),(19,1,200000,42,'B',1,7),(19,1,200000,42,'C',1,7),(19,1,200000,42,'D',1,7),(19,1,200000,42,'E',1,7),(19,1,200000,42,'F',1,7),(19,2,150000,60,'A',8,17),(19,2,150000,60,'B',8,17),(19,2,150000,60,'C',8,17),(19,2,150000,60,'D',8,17),(19,2,150000,60,'E',8,17),(19,2,150000,60,'F',8,17),(19,3,100000,72,'A',18,29),(19,3,100000,72,'B',18,29),(19,3,100000,72,'C',18,29),(19,3,100000,72,'D',18,29),(19,3,100000,72,'E',18,29),(19,3,100000,72,'F',18,29),(20,1,200000,42,'A',1,7),(20,1,200000,42,'B',1,7),(20,1,200000,42,'C',1,7),(20,1,200000,42,'D',1,7),(20,1,200000,42,'E',1,7),(20,1,200000,42,'F',1,7),(20,2,150000,60,'A',8,17),(20,2,150000,60,'B',8,17),(20,2,150000,60,'C',8,17),(20,2,150000,60,'D',8,17),(20,2,150000,60,'E',8,17),(20,2,150000,60,'F',8,17),(20,3,100000,72,'A',18,29),(20,3,100000,72,'B',18,29),(20,3,100000,72,'C',18,29),(20,3,100000,72,'D',18,29),(20,3,100000,72,'E',18,29),(20,3,100000,72,'F',18,29),(21,1,200000,42,'A',1,7),(21,1,200000,42,'B',1,7),(21,1,200000,42,'C',1,7),(21,1,200000,42,'D',1,7),(21,1,200000,42,'E',1,7),(21,1,200000,42,'F',1,7),(21,2,150000,60,'A',8,17),(21,2,150000,60,'B',8,17),(21,2,150000,60,'C',8,17),(21,2,150000,60,'D',8,17),(21,2,150000,60,'E',8,17),(21,2,150000,60,'F',8,17),(21,3,100000,72,'A',18,29),(21,3,100000,72,'B',18,29),(21,3,100000,72,'C',18,29),(21,3,100000,72,'D',18,29),(21,3,100000,72,'E',18,29),(21,3,100000,72,'F',18,29),(22,1,200000,42,'A',1,7),(22,1,200000,42,'B',1,7),(22,1,200000,42,'C',1,7),(22,1,200000,42,'D',1,7),(22,1,200000,42,'E',1,7),(22,1,200000,42,'F',1,7),(22,2,150000,60,'A',8,17),(22,2,150000,60,'B',8,17),(22,2,150000,60,'C',8,17),(22,2,150000,60,'D',8,17),(22,2,150000,60,'E',8,17),(22,2,150000,60,'F',8,17),(22,3,100000,72,'A',18,29),(22,3,100000,72,'B',18,29),(22,3,100000,72,'C',18,29),(22,3,100000,72,'D',18,29),(22,3,100000,72,'E',18,29),(22,3,100000,72,'F',18,29),(23,1,200000,42,'A',1,7),(23,1,200000,42,'B',1,7),(23,1,200000,42,'C',1,7),(23,1,200000,42,'D',1,7),(23,1,200000,42,'E',1,7),(23,1,200000,42,'F',1,7),(23,2,150000,60,'A',8,17),(23,2,150000,60,'B',8,17),(23,2,150000,60,'C',8,17),(23,2,150000,60,'D',8,17),(23,2,150000,60,'E',8,17),(23,2,150000,60,'F',8,17),(23,3,100000,72,'A',18,29),(23,3,100000,72,'B',18,29),(23,3,100000,72,'C',18,29),(23,3,100000,72,'D',18,29),(23,3,100000,72,'E',18,29),(23,3,100000,72,'F',18,29),(24,1,200000,42,'A',1,7),(24,1,200000,42,'B',1,7),(24,1,200000,42,'C',1,7),(24,1,200000,42,'D',1,7),(24,1,200000,42,'E',1,7),(24,1,200000,42,'F',1,7),(24,2,150000,60,'A',8,17),(24,2,150000,60,'B',8,17),(24,2,150000,60,'C',8,17),(24,2,150000,60,'D',8,17),(24,2,150000,60,'E',8,17),(24,2,150000,60,'F',8,17),(24,3,100000,72,'A',18,29),(24,3,100000,72,'B',18,29),(24,3,100000,72,'C',18,29),(24,3,100000,72,'D',18,29),(24,3,100000,72,'E',18,29),(24,3,100000,72,'F',18,29),(25,1,200000,42,'A',1,7),(25,1,200000,42,'B',1,7),(25,1,200000,42,'C',1,7),(25,1,200000,42,'D',1,7),(25,1,200000,42,'E',1,7),(25,1,200000,42,'F',1,7),(25,2,150000,60,'A',8,17),(25,2,150000,60,'B',8,17),(25,2,150000,60,'C',8,17),(25,2,150000,60,'D',8,17),(25,2,150000,60,'E',8,17),(25,2,150000,60,'F',8,17),(25,3,100000,72,'A',18,29),(25,3,100000,72,'B',18,29),(25,3,100000,72,'C',18,29),(25,3,100000,72,'D',18,29),(25,3,100000,72,'E',18,29),(25,3,100000,72,'F',18,29),(26,1,200000,42,'A',1,7),(26,1,200000,42,'B',1,7),(26,1,200000,42,'C',1,7),(26,1,200000,42,'D',1,7),(26,1,200000,42,'E',1,7),(26,1,200000,42,'F',1,7),(26,2,150000,60,'A',8,17),(26,2,150000,60,'B',8,17),(26,2,150000,60,'C',8,17),(26,2,150000,60,'D',8,17),(26,2,150000,60,'E',8,17),(26,2,150000,60,'F',8,17),(26,3,100000,72,'A',18,29),(26,3,100000,72,'B',18,29),(26,3,100000,72,'C',18,29),(26,3,100000,72,'D',18,29),(26,3,100000,72,'E',18,29),(26,3,100000,72,'F',18,29),(27,1,200000,42,'A',1,7),(27,1,200000,42,'B',1,7),(27,1,200000,42,'C',1,7),(27,1,200000,42,'D',1,7),(27,1,200000,42,'E',1,7),(27,1,200000,42,'F',1,7),(27,2,150000,60,'A',8,17),(27,2,150000,60,'B',8,17),(27,2,150000,60,'C',8,17),(27,2,150000,60,'D',8,17),(27,2,150000,60,'E',8,17),(27,2,150000,60,'F',8,17),(27,3,100000,72,'A',18,29),(27,3,100000,72,'B',18,29),(27,3,100000,72,'C',18,29),(27,3,100000,72,'D',18,29),(27,3,100000,72,'E',18,29),(27,3,100000,72,'F',18,29),(28,1,200000,42,'A',1,7),(28,1,200000,42,'B',1,7),(28,1,200000,42,'C',1,7),(28,1,200000,42,'D',1,7),(28,1,200000,42,'E',1,7),(28,1,200000,42,'F',1,7),(28,2,150000,60,'A',8,17),(28,2,150000,60,'B',8,17),(28,2,150000,60,'C',8,17),(28,2,150000,60,'D',8,17),(28,2,150000,60,'E',8,17),(28,2,150000,60,'F',8,17),(28,3,100000,72,'A',18,29),(28,3,100000,72,'B',18,29),(28,3,100000,72,'C',18,29),(28,3,100000,72,'D',18,29),(28,3,100000,72,'E',18,29),(28,3,100000,72,'F',18,29),(29,1,200000,42,'A',1,7),(29,1,200000,42,'B',1,7),(29,1,200000,42,'C',1,7),(29,1,200000,42,'D',1,7),(29,1,200000,42,'E',1,7),(29,1,200000,42,'F',1,7),(29,2,150000,60,'A',8,17),(29,2,150000,60,'B',8,17),(29,2,150000,60,'C',8,17),(29,2,150000,60,'D',8,17),(29,2,150000,60,'E',8,17),(29,2,150000,60,'F',8,17),(29,3,100000,72,'A',18,29),(29,3,100000,72,'B',18,29),(29,3,100000,72,'C',18,29),(29,3,100000,72,'D',18,29),(29,3,100000,72,'E',18,29),(29,3,100000,72,'F',18,29),(30,1,200000,42,'A',1,7),(30,1,200000,42,'B',1,7),(30,1,200000,42,'C',1,7),(30,1,200000,42,'D',1,7),(30,1,200000,42,'E',1,7),(30,1,200000,42,'F',1,7),(30,2,150000,60,'A',8,17),(30,2,150000,60,'B',8,17),(30,2,150000,60,'C',8,17),(30,2,150000,60,'D',8,17),(30,2,150000,60,'E',8,17),(30,2,150000,60,'F',8,17),(30,3,100000,72,'A',18,29),(30,3,100000,72,'B',18,29),(30,3,100000,72,'C',18,29),(30,3,100000,72,'D',18,29),(30,3,100000,72,'E',18,29),(30,3,100000,72,'F',18,29),(31,1,200000,42,'A',1,7),(31,1,200000,42,'B',1,7),(31,1,200000,42,'C',1,7),(31,1,200000,42,'D',1,7),(31,1,200000,42,'E',1,7),(31,1,200000,42,'F',1,7),(31,2,150000,60,'A',8,17),(31,2,150000,60,'B',8,17),(31,2,150000,60,'C',8,17),(31,2,150000,60,'D',8,17),(31,2,150000,60,'E',8,17),(31,2,150000,60,'F',8,17),(31,3,100000,72,'A',18,29),(31,3,100000,72,'B',18,29),(31,3,100000,72,'C',18,29),(31,3,100000,72,'D',18,29),(31,3,100000,72,'E',18,29),(31,3,100000,72,'F',18,29),(32,1,200000,42,'A',1,7),(32,1,200000,42,'B',1,7),(32,1,200000,42,'C',1,7),(32,1,200000,42,'D',1,7),(32,1,200000,42,'E',1,7),(32,1,200000,42,'F',1,7),(32,2,150000,60,'A',8,17),(32,2,150000,60,'B',8,17),(32,2,150000,60,'C',8,17),(32,2,150000,60,'D',8,17),(32,2,150000,60,'E',8,17),(32,2,150000,60,'F',8,17),(32,3,100000,72,'A',18,29),(32,3,100000,72,'B',18,29),(32,3,100000,72,'C',18,29),(32,3,100000,72,'D',18,29),(32,3,100000,72,'E',18,29),(32,3,100000,72,'F',18,29),(33,1,200000,42,'A',1,7),(33,1,200000,42,'B',1,7),(33,1,200000,42,'C',1,7),(33,1,200000,42,'D',1,7),(33,1,200000,42,'E',1,7),(33,1,200000,42,'F',1,7),(33,2,150000,60,'A',8,17),(33,2,150000,60,'B',8,17),(33,2,150000,60,'C',8,17),(33,2,150000,60,'D',8,17),(33,2,150000,60,'E',8,17),(33,2,150000,60,'F',8,17),(33,3,100000,72,'A',18,29),(33,3,100000,72,'B',18,29),(33,3,100000,72,'C',18,29),(33,3,100000,72,'D',18,29),(33,3,100000,72,'E',18,29),(33,3,100000,72,'F',18,29),(34,1,200000,42,'A',1,7),(34,1,200000,42,'B',1,7),(34,1,200000,42,'C',1,7),(34,1,200000,42,'D',1,7),(34,1,200000,42,'E',1,7),(34,1,200000,42,'F',1,7),(34,2,150000,60,'A',8,17),(34,2,150000,60,'B',8,17),(34,2,150000,60,'C',8,17),(34,2,150000,60,'D',8,17),(34,2,150000,60,'E',8,17),(34,2,150000,60,'F',8,17),(34,3,100000,72,'A',18,29),(34,3,100000,72,'B',18,29),(34,3,100000,72,'C',18,29),(34,3,100000,72,'D',18,29),(34,3,100000,72,'E',18,29),(34,3,100000,72,'F',18,29),(35,1,200000,42,'A',1,7),(35,1,200000,42,'B',1,7),(35,1,200000,42,'C',1,7),(35,1,200000,42,'D',1,7),(35,1,200000,42,'E',1,7),(35,1,200000,42,'F',1,7),(35,2,150000,60,'A',8,17),(35,2,150000,60,'B',8,17),(35,2,150000,60,'C',8,17),(35,2,150000,60,'D',8,17),(35,2,150000,60,'E',8,17),(35,2,150000,60,'F',8,17),(35,3,100000,72,'A',18,29),(35,3,100000,72,'B',18,29),(35,3,100000,72,'C',18,29),(35,3,100000,72,'D',18,29),(35,3,100000,72,'E',18,29),(35,3,100000,72,'F',18,29),(36,1,200000,42,'A',1,7),(36,1,200000,42,'B',1,7),(36,1,200000,42,'C',1,7),(36,1,200000,42,'D',1,7),(36,1,200000,42,'E',1,7),(36,1,200000,42,'F',1,7),(36,2,150000,60,'A',8,17),(36,2,150000,60,'B',8,17),(36,2,150000,60,'C',8,17),(36,2,150000,60,'D',8,17),(36,2,150000,60,'E',8,17),(36,2,150000,60,'F',8,17),(36,3,100000,72,'A',18,29),(36,3,100000,72,'B',18,29),(36,3,100000,72,'C',18,29),(36,3,100000,72,'D',18,29),(36,3,100000,72,'E',18,29),(36,3,100000,72,'F',18,29),(37,1,200000,42,'A',1,7),(37,1,200000,42,'B',1,7),(37,1,200000,42,'C',1,7),(37,1,200000,42,'D',1,7),(37,1,200000,42,'E',1,7),(37,1,200000,42,'F',1,7),(37,2,150000,60,'A',8,17),(37,2,150000,60,'B',8,17),(37,2,150000,60,'C',8,17),(37,2,150000,60,'D',8,17),(37,2,150000,60,'E',8,17),(37,2,150000,60,'F',8,17),(37,3,100000,72,'A',18,29),(37,3,100000,72,'B',18,29),(37,3,100000,72,'C',18,29),(37,3,100000,72,'D',18,29),(37,3,100000,72,'E',18,29),(37,3,100000,72,'F',18,29),(38,1,200000,42,'A',1,7),(38,1,200000,42,'B',1,7),(38,1,200000,42,'C',1,7),(38,1,200000,42,'D',1,7),(38,1,200000,42,'E',1,7),(38,1,200000,42,'F',1,7),(38,2,150000,60,'A',8,17),(38,2,150000,60,'B',8,17),(38,2,150000,60,'C',8,17),(38,2,150000,60,'D',8,17),(38,2,150000,60,'E',8,17),(38,2,150000,60,'F',8,17),(38,3,100000,72,'A',18,29),(38,3,100000,72,'B',18,29),(38,3,100000,72,'C',18,29),(38,3,100000,72,'D',18,29),(38,3,100000,72,'E',18,29),(38,3,100000,72,'F',18,29),(39,1,200000,42,'A',1,7),(39,1,200000,42,'B',1,7),(39,1,200000,42,'C',1,7),(39,1,200000,42,'D',1,7),(39,1,200000,42,'E',1,7),(39,1,200000,42,'F',1,7),(39,2,150000,60,'A',8,17),(39,2,150000,60,'B',8,17),(39,2,150000,60,'C',8,17),(39,2,150000,60,'D',8,17),(39,2,150000,60,'E',8,17),(39,2,150000,60,'F',8,17),(39,3,100000,72,'A',18,29),(39,3,100000,72,'B',18,29),(39,3,100000,72,'C',18,29),(39,3,100000,72,'D',18,29),(39,3,100000,72,'E',18,29),(39,3,100000,72,'F',18,29),(40,1,200000,42,'A',1,7),(40,1,200000,42,'B',1,7),(40,1,200000,42,'C',1,7),(40,1,200000,42,'D',1,7),(40,1,200000,42,'E',1,7),(40,1,200000,42,'F',1,7),(40,2,150000,60,'A',8,17),(40,2,150000,60,'B',8,17),(40,2,150000,60,'C',8,17),(40,2,150000,60,'D',8,17),(40,2,150000,60,'E',8,17),(40,2,150000,60,'F',8,17),(40,3,100000,72,'A',18,29),(40,3,100000,72,'B',18,29),(40,3,100000,72,'C',18,29),(40,3,100000,72,'D',18,29),(40,3,100000,72,'E',18,29),(40,3,100000,72,'F',18,29),(41,1,200000,42,'A',1,7),(41,1,200000,42,'B',1,7),(41,1,200000,42,'C',1,7),(41,1,200000,42,'D',1,7),(41,1,200000,42,'E',1,7),(41,1,200000,42,'F',1,7),(41,2,150000,60,'A',8,17),(41,2,150000,60,'B',8,17),(41,2,150000,60,'C',8,17),(41,2,150000,60,'D',8,17),(41,2,150000,60,'E',8,17),(41,2,150000,60,'F',8,17),(41,3,100000,72,'A',18,29),(41,3,100000,72,'B',18,29),(41,3,100000,72,'C',18,29),(41,3,100000,72,'D',18,29),(41,3,100000,72,'E',18,29),(41,3,100000,72,'F',18,29),(42,1,200000,42,'A',1,7),(42,1,200000,42,'B',1,7),(42,1,200000,42,'C',1,7),(42,1,200000,42,'D',1,7),(42,1,200000,42,'E',1,7),(42,1,200000,42,'F',1,7),(42,2,150000,60,'A',8,17),(42,2,150000,60,'B',8,17),(42,2,150000,60,'C',8,17),(42,2,150000,60,'D',8,17),(42,2,150000,60,'E',8,17),(42,2,150000,60,'F',8,17),(42,3,100000,72,'A',18,29),(42,3,100000,72,'B',18,29),(42,3,100000,72,'C',18,29),(42,3,100000,72,'D',18,29),(42,3,100000,72,'E',18,29),(42,3,100000,72,'F',18,29),(43,1,200000,42,'A',1,7),(43,1,200000,42,'B',1,7),(43,1,200000,42,'C',1,7),(43,1,200000,42,'D',1,7),(43,1,200000,42,'E',1,7),(43,1,200000,42,'F',1,7),(43,2,150000,60,'A',8,17),(43,2,150000,60,'B',8,17),(43,2,150000,60,'C',8,17),(43,2,150000,60,'D',8,17),(43,2,150000,60,'E',8,17),(43,2,150000,60,'F',8,17),(43,3,100000,72,'A',18,29),(43,3,100000,72,'B',18,29),(43,3,100000,72,'C',18,29),(43,3,100000,72,'D',18,29),(43,3,100000,72,'E',18,29),(43,3,100000,72,'F',18,29),(44,1,200000,42,'A',1,7),(44,1,200000,42,'B',1,7),(44,1,200000,42,'C',1,7),(44,1,200000,42,'D',1,7),(44,1,200000,42,'E',1,7),(44,1,200000,42,'F',1,7),(44,2,150000,60,'A',8,17),(44,2,150000,60,'B',8,17),(44,2,150000,60,'C',8,17),(44,2,150000,60,'D',8,17),(44,2,150000,60,'E',8,17),(44,2,150000,60,'F',8,17),(44,3,100000,72,'A',18,29),(44,3,100000,72,'B',18,29),(44,3,100000,72,'C',18,29),(44,3,100000,72,'D',18,29),(44,3,100000,72,'E',18,29),(44,3,100000,72,'F',18,29),(45,1,200000,42,'A',1,7),(45,1,200000,42,'B',1,7),(45,1,200000,42,'C',1,7),(45,1,200000,42,'D',1,7),(45,1,200000,42,'E',1,7),(45,1,200000,42,'F',1,7),(45,2,150000,60,'A',8,17),(45,2,150000,60,'B',8,17),(45,2,150000,60,'C',8,17),(45,2,150000,60,'D',8,17),(45,2,150000,60,'E',8,17),(45,2,150000,60,'F',8,17),(45,3,100000,72,'A',18,29),(45,3,100000,72,'B',18,29),(45,3,100000,72,'C',18,29),(45,3,100000,72,'D',18,29),(45,3,100000,72,'E',18,29),(45,3,100000,72,'F',18,29),(46,1,200000,42,'A',1,7),(46,1,200000,42,'B',1,7),(46,1,200000,42,'C',1,7),(46,1,200000,42,'D',1,7),(46,1,200000,42,'E',1,7),(46,1,200000,42,'F',1,7),(46,2,150000,60,'A',8,17),(46,2,150000,60,'B',8,17),(46,2,150000,60,'C',8,17),(46,2,150000,60,'D',8,17),(46,2,150000,60,'E',8,17),(46,2,150000,60,'F',8,17),(46,3,100000,72,'A',18,29),(46,3,100000,72,'B',18,29),(46,3,100000,72,'C',18,29),(46,3,100000,72,'D',18,29),(46,3,100000,72,'E',18,29),(46,3,100000,72,'F',18,29),(47,1,200000,42,'A',1,7),(47,1,200000,42,'B',1,7),(47,1,200000,42,'C',1,7),(47,1,200000,42,'D',1,7),(47,1,200000,42,'E',1,7),(47,1,200000,42,'F',1,7),(47,2,150000,60,'A',8,17),(47,2,150000,60,'B',8,17),(47,2,150000,60,'C',8,17),(47,2,150000,60,'D',8,17),(47,2,150000,60,'E',8,17),(47,2,150000,60,'F',8,17),(47,3,100000,72,'A',18,29),(47,3,100000,72,'B',18,29),(47,3,100000,72,'C',18,29),(47,3,100000,72,'D',18,29),(47,3,100000,72,'E',18,29),(47,3,100000,72,'F',18,29),(48,1,200000,42,'A',1,7),(48,1,200000,42,'B',1,7),(48,1,200000,42,'C',1,7),(48,1,200000,42,'D',1,7),(48,1,200000,42,'E',1,7),(48,1,200000,42,'F',1,7),(48,2,150000,60,'A',8,17),(48,2,150000,60,'B',8,17),(48,2,150000,60,'C',8,17),(48,2,150000,60,'D',8,17),(48,2,150000,60,'E',8,17),(48,2,150000,60,'F',8,17),(48,3,100000,72,'A',18,29),(48,3,100000,72,'B',18,29),(48,3,100000,72,'C',18,29),(48,3,100000,72,'D',18,29),(48,3,100000,72,'E',18,29),(48,3,100000,72,'F',18,29),(49,1,200000,42,'A',1,7),(49,1,200000,42,'B',1,7),(49,1,200000,42,'C',1,7),(49,1,200000,42,'D',1,7),(49,1,200000,42,'E',1,7),(49,1,200000,42,'F',1,7),(49,2,150000,60,'A',8,17),(49,2,150000,60,'B',8,17),(49,2,150000,60,'C',8,17),(49,2,150000,60,'D',8,17),(49,2,150000,60,'E',8,17),(49,2,150000,60,'F',8,17),(49,3,100000,72,'A',18,29),(49,3,100000,72,'B',18,29),(49,3,100000,72,'C',18,29),(49,3,100000,72,'D',18,29),(49,3,100000,72,'E',18,29),(49,3,100000,72,'F',18,29),(50,1,200000,42,'A',1,7),(50,1,200000,42,'B',1,7),(50,1,200000,42,'C',1,7),(50,1,200000,42,'D',1,7),(50,1,200000,42,'E',1,7),(50,1,200000,42,'F',1,7),(50,2,150000,60,'A',8,17),(50,2,150000,60,'B',8,17),(50,2,150000,60,'C',8,17),(50,2,150000,60,'D',8,17),(50,2,150000,60,'E',8,17),(50,2,150000,60,'F',8,17),(50,3,100000,72,'A',18,29),(50,3,100000,72,'B',18,29),(50,3,100000,72,'C',18,29),(50,3,100000,72,'D',18,29),(50,3,100000,72,'E',18,29),(50,3,100000,72,'F',18,29),(51,1,200000,42,'A',1,7),(51,1,200000,42,'B',1,7),(51,1,200000,42,'C',1,7),(51,1,200000,42,'D',1,7),(51,1,200000,42,'E',1,7),(51,1,200000,42,'F',1,7),(51,2,150000,60,'A',8,17),(51,2,150000,60,'B',8,17),(51,2,150000,60,'C',8,17),(51,2,150000,60,'D',8,17),(51,2,150000,60,'E',8,17),(51,2,150000,60,'F',8,17),(51,3,100000,72,'A',18,29),(51,3,100000,72,'B',18,29),(51,3,100000,72,'C',18,29),(51,3,100000,72,'D',18,29),(51,3,100000,72,'E',18,29),(51,3,100000,72,'F',18,29),(52,1,200000,42,'A',1,7),(52,1,200000,42,'B',1,7),(52,1,200000,42,'C',1,7),(52,1,200000,42,'D',1,7),(52,1,200000,42,'E',1,7),(52,1,200000,42,'F',1,7),(52,2,150000,60,'A',8,17),(52,2,150000,60,'B',8,17),(52,2,150000,60,'C',8,17),(52,2,150000,60,'D',8,17),(52,2,150000,60,'E',8,17),(52,2,150000,60,'F',8,17),(52,3,100000,72,'A',18,29),(52,3,100000,72,'B',18,29),(52,3,100000,72,'C',18,29),(52,3,100000,72,'D',18,29),(52,3,100000,72,'E',18,29),(52,3,100000,72,'F',18,29),(53,1,200000,42,'A',1,7),(53,1,200000,42,'B',1,7),(53,1,200000,42,'C',1,7),(53,1,200000,42,'D',1,7),(53,1,200000,42,'E',1,7),(53,1,200000,42,'F',1,7),(53,2,150000,60,'A',8,17),(53,2,150000,60,'B',8,17),(53,2,150000,60,'C',8,17),(53,2,150000,60,'D',8,17),(53,2,150000,60,'E',8,17),(53,2,150000,60,'F',8,17),(53,3,100000,72,'A',18,29),(53,3,100000,72,'B',18,29),(53,3,100000,72,'C',18,29),(53,3,100000,72,'D',18,29),(53,3,100000,72,'E',18,29),(53,3,100000,72,'F',18,29),(54,1,200000,42,'A',1,7),(54,1,200000,42,'B',1,7),(54,1,200000,42,'C',1,7),(54,1,200000,42,'D',1,7),(54,1,200000,42,'E',1,7),(54,1,200000,42,'F',1,7),(54,2,150000,60,'A',8,17),(54,2,150000,60,'B',8,17),(54,2,150000,60,'C',8,17),(54,2,150000,60,'D',8,17),(54,2,150000,60,'E',8,17),(54,2,150000,60,'F',8,17),(54,3,100000,72,'A',18,29),(54,3,100000,72,'B',18,29),(54,3,100000,72,'C',18,29),(54,3,100000,72,'D',18,29),(54,3,100000,72,'E',18,29),(54,3,100000,72,'F',18,29),(55,1,200000,42,'A',1,7),(55,1,200000,42,'B',1,7),(55,1,200000,42,'C',1,7),(55,1,200000,42,'D',1,7),(55,1,200000,42,'E',1,7),(55,1,200000,42,'F',1,7),(55,2,150000,60,'A',8,17),(55,2,150000,60,'B',8,17),(55,2,150000,60,'C',8,17),(55,2,150000,60,'D',8,17),(55,2,150000,60,'E',8,17),(55,2,150000,60,'F',8,17),(55,3,100000,72,'A',18,29),(55,3,100000,72,'B',18,29),(55,3,100000,72,'C',18,29),(55,3,100000,72,'D',18,29),(55,3,100000,72,'E',18,29),(55,3,100000,72,'F',18,29),(56,1,200000,42,'A',1,7),(56,1,200000,42,'B',1,7),(56,1,200000,42,'C',1,7),(56,1,200000,42,'D',1,7),(56,1,200000,42,'E',1,7),(56,1,200000,42,'F',1,7),(56,2,150000,60,'A',8,17),(56,2,150000,60,'B',8,17),(56,2,150000,60,'C',8,17),(56,2,150000,60,'D',8,17),(56,2,150000,60,'E',8,17),(56,2,150000,60,'F',8,17),(56,3,100000,72,'A',18,29),(56,3,100000,72,'B',18,29),(56,3,100000,72,'C',18,29),(56,3,100000,72,'D',18,29),(56,3,100000,72,'E',18,29),(56,3,100000,72,'F',18,29),(57,1,200000,42,'A',1,7),(57,1,200000,42,'B',1,7),(57,1,200000,42,'C',1,7),(57,1,200000,42,'D',1,7),(57,1,200000,42,'E',1,7),(57,1,200000,42,'F',1,7),(57,2,150000,60,'A',8,17),(57,2,150000,60,'B',8,17),(57,2,150000,60,'C',8,17),(57,2,150000,60,'D',8,17),(57,2,150000,60,'E',8,17),(57,2,150000,60,'F',8,17),(57,3,100000,72,'A',18,29),(57,3,100000,72,'B',18,29),(57,3,100000,72,'C',18,29),(57,3,100000,72,'D',18,29),(57,3,100000,72,'E',18,29),(57,3,100000,72,'F',18,29),(58,1,200000,42,'A',1,7),(58,1,200000,42,'B',1,7),(58,1,200000,42,'C',1,7),(58,1,200000,42,'D',1,7),(58,1,200000,42,'E',1,7),(58,1,200000,42,'F',1,7),(58,2,150000,60,'A',8,17),(58,2,150000,60,'B',8,17),(58,2,150000,60,'C',8,17),(58,2,150000,60,'D',8,17),(58,2,150000,60,'E',8,17),(58,2,150000,60,'F',8,17),(58,3,100000,72,'A',18,29),(58,3,100000,72,'B',18,29),(58,3,100000,72,'C',18,29),(58,3,100000,72,'D',18,29),(58,3,100000,72,'E',18,29),(58,3,100000,72,'F',18,29),(59,1,200000,42,'A',1,7),(59,1,200000,42,'B',1,7),(59,1,200000,42,'C',1,7),(59,1,200000,42,'D',1,7),(59,1,200000,42,'E',1,7),(59,1,200000,42,'F',1,7),(59,2,150000,60,'A',8,17),(59,2,150000,60,'B',8,17),(59,2,150000,60,'C',8,17),(59,2,150000,60,'D',8,17),(59,2,150000,60,'E',8,17),(59,2,150000,60,'F',8,17),(59,3,100000,72,'A',18,29),(59,3,100000,72,'B',18,29),(59,3,100000,72,'C',18,29),(59,3,100000,72,'D',18,29),(59,3,100000,72,'E',18,29),(59,3,100000,72,'F',18,29),(60,1,200000,42,'A',1,7),(60,1,200000,42,'B',1,7),(60,1,200000,42,'C',1,7),(60,1,200000,42,'D',1,7),(60,1,200000,42,'E',1,7),(60,1,200000,42,'F',1,7),(60,2,150000,60,'A',8,17),(60,2,150000,60,'B',8,17),(60,2,150000,60,'C',8,17),(60,2,150000,60,'D',8,17),(60,2,150000,60,'E',8,17),(60,2,150000,60,'F',8,17),(60,3,100000,72,'A',18,29),(60,3,100000,72,'B',18,29),(60,3,100000,72,'C',18,29),(60,3,100000,72,'D',18,29),(60,3,100000,72,'E',18,29),(60,3,100000,72,'F',18,29),(61,1,200000,42,'A',1,7),(61,1,200000,42,'B',1,7),(61,1,200000,42,'C',1,7),(61,1,200000,42,'D',1,7),(61,1,200000,42,'E',1,7),(61,1,200000,42,'F',1,7),(61,2,150000,60,'A',8,17),(61,2,150000,60,'B',8,17),(61,2,150000,60,'C',8,17),(61,2,150000,60,'D',8,17),(61,2,150000,60,'E',8,17),(61,2,150000,60,'F',8,17),(61,3,100000,72,'A',18,29),(61,3,100000,72,'B',18,29),(61,3,100000,72,'C',18,29),(61,3,100000,72,'D',18,29),(61,3,100000,72,'E',18,29),(61,3,100000,72,'F',18,29),(62,1,200000,42,'A',1,7),(62,1,200000,42,'B',1,7),(62,1,200000,42,'C',1,7),(62,1,200000,42,'D',1,7),(62,1,200000,42,'E',1,7),(62,1,200000,42,'F',1,7),(62,2,150000,60,'A',8,17),(62,2,150000,60,'B',8,17),(62,2,150000,60,'C',8,17),(62,2,150000,60,'D',8,17),(62,2,150000,60,'E',8,17),(62,2,150000,60,'F',8,17),(62,3,100000,72,'A',18,29),(62,3,100000,72,'B',18,29),(62,3,100000,72,'C',18,29),(62,3,100000,72,'D',18,29),(62,3,100000,72,'E',18,29),(62,3,100000,72,'F',18,29),(63,1,200000,42,'A',1,7),(63,1,200000,42,'B',1,7),(63,1,200000,42,'C',1,7),(63,1,200000,42,'D',1,7),(63,1,200000,42,'E',1,7),(63,1,200000,42,'F',1,7),(63,2,150000,60,'A',8,17),(63,2,150000,60,'B',8,17),(63,2,150000,60,'C',8,17),(63,2,150000,60,'D',8,17),(63,2,150000,60,'E',8,17),(63,2,150000,60,'F',8,17),(63,3,100000,72,'A',18,29),(63,3,100000,72,'B',18,29),(63,3,100000,72,'C',18,29),(63,3,100000,72,'D',18,29),(63,3,100000,72,'E',18,29),(63,3,100000,72,'F',18,29),(64,1,200000,42,'A',1,7),(64,1,200000,42,'B',1,7),(64,1,200000,42,'C',1,7),(64,1,200000,42,'D',1,7),(64,1,200000,42,'E',1,7),(64,1,200000,42,'F',1,7),(64,2,150000,60,'A',8,17),(64,2,150000,60,'B',8,17),(64,2,150000,60,'C',8,17),(64,2,150000,60,'D',8,17),(64,2,150000,60,'E',8,17),(64,2,150000,60,'F',8,17),(64,3,100000,72,'A',18,29),(64,3,100000,72,'B',18,29),(64,3,100000,72,'C',18,29),(64,3,100000,72,'D',18,29),(64,3,100000,72,'E',18,29),(64,3,100000,72,'F',18,29),(65,1,200000,42,'A',1,7),(65,1,200000,42,'B',1,7),(65,1,200000,42,'C',1,7),(65,1,200000,42,'D',1,7),(65,1,200000,42,'E',1,7),(65,1,200000,42,'F',1,7),(65,2,150000,60,'A',8,17),(65,2,150000,60,'B',8,17),(65,2,150000,60,'C',8,17),(65,2,150000,60,'D',8,17),(65,2,150000,60,'E',8,17),(65,2,150000,60,'F',8,17),(65,3,100000,72,'A',18,29),(65,3,100000,72,'B',18,29),(65,3,100000,72,'C',18,29),(65,3,100000,72,'D',18,29),(65,3,100000,72,'E',18,29),(65,3,100000,72,'F',18,29),(66,1,200000,42,'A',1,7),(66,1,200000,42,'B',1,7),(66,1,200000,42,'C',1,7),(66,1,200000,42,'D',1,7),(66,1,200000,42,'E',1,7),(66,1,200000,42,'F',1,7),(66,2,150000,60,'A',8,17),(66,2,150000,60,'B',8,17),(66,2,150000,60,'C',8,17),(66,2,150000,60,'D',8,17),(66,2,150000,60,'E',8,17),(66,2,150000,60,'F',8,17),(66,3,100000,72,'A',18,29),(66,3,100000,72,'B',18,29),(66,3,100000,72,'C',18,29),(66,3,100000,72,'D',18,29),(66,3,100000,72,'E',18,29),(66,3,100000,72,'F',18,29),(67,1,200000,42,'A',1,7),(67,1,200000,42,'B',1,7),(67,1,200000,42,'C',1,7),(67,1,200000,42,'D',1,7),(67,1,200000,42,'E',1,7),(67,1,200000,42,'F',1,7),(67,2,150000,60,'A',8,17),(67,2,150000,60,'B',8,17),(67,2,150000,60,'C',8,17),(67,2,150000,60,'D',8,17),(67,2,150000,60,'E',8,17),(67,2,150000,60,'F',8,17),(67,3,100000,72,'A',18,29),(67,3,100000,72,'B',18,29),(67,3,100000,72,'C',18,29),(67,3,100000,72,'D',18,29),(67,3,100000,72,'E',18,29),(67,3,100000,72,'F',18,29),(68,1,200000,42,'A',1,7),(68,1,200000,42,'B',1,7),(68,1,200000,42,'C',1,7),(68,1,200000,42,'D',1,7),(68,1,200000,42,'E',1,7),(68,1,200000,42,'F',1,7),(68,2,150000,60,'A',8,17),(68,2,150000,60,'B',8,17),(68,2,150000,60,'C',8,17),(68,2,150000,60,'D',8,17),(68,2,150000,60,'E',8,17),(68,2,150000,60,'F',8,17),(68,3,100000,72,'A',18,29),(68,3,100000,72,'B',18,29),(68,3,100000,72,'C',18,29),(68,3,100000,72,'D',18,29),(68,3,100000,72,'E',18,29),(68,3,100000,72,'F',18,29),(69,1,200000,42,'A',1,7),(69,1,200000,42,'B',1,7),(69,1,200000,42,'C',1,7),(69,1,200000,42,'D',1,7),(69,1,200000,42,'E',1,7),(69,1,200000,42,'F',1,7),(69,2,150000,60,'A',8,17),(69,2,150000,60,'B',8,17),(69,2,150000,60,'C',8,17),(69,2,150000,60,'D',8,17),(69,2,150000,60,'E',8,17),(69,2,150000,60,'F',8,17),(69,3,100000,72,'A',18,29),(69,3,100000,72,'B',18,29),(69,3,100000,72,'C',18,29),(69,3,100000,72,'D',18,29),(69,3,100000,72,'E',18,29),(69,3,100000,72,'F',18,29),(70,1,200000,42,'A',1,7),(70,1,200000,42,'B',1,7),(70,1,200000,42,'C',1,7),(70,1,200000,42,'D',1,7),(70,1,200000,42,'E',1,7),(70,1,200000,42,'F',1,7),(70,2,150000,60,'A',8,17),(70,2,150000,60,'B',8,17),(70,2,150000,60,'C',8,17),(70,2,150000,60,'D',8,17),(70,2,150000,60,'E',8,17),(70,2,150000,60,'F',8,17),(70,3,100000,72,'A',18,29),(70,3,100000,72,'B',18,29),(70,3,100000,72,'C',18,29),(70,3,100000,72,'D',18,29),(70,3,100000,72,'E',18,29),(70,3,100000,72,'F',18,29),(71,1,200000,42,'A',1,7),(71,1,200000,42,'B',1,7),(71,1,200000,42,'C',1,7),(71,1,200000,42,'D',1,7),(71,1,200000,42,'E',1,7),(71,1,200000,42,'F',1,7),(71,2,150000,60,'A',8,17),(71,2,150000,60,'B',8,17),(71,2,150000,60,'C',8,17),(71,2,150000,60,'D',8,17),(71,2,150000,60,'E',8,17),(71,2,150000,60,'F',8,17),(71,3,100000,72,'A',18,29),(71,3,100000,72,'B',18,29),(71,3,100000,72,'C',18,29),(71,3,100000,72,'D',18,29),(71,3,100000,72,'E',18,29),(71,3,100000,72,'F',18,29),(72,1,200000,42,'A',1,7),(72,1,200000,42,'B',1,7),(72,1,200000,42,'C',1,7),(72,1,200000,42,'D',1,7),(72,1,200000,42,'E',1,7),(72,1,200000,42,'F',1,7),(72,2,150000,60,'A',8,17),(72,2,150000,60,'B',8,17),(72,2,150000,60,'C',8,17),(72,2,150000,60,'D',8,17),(72,2,150000,60,'E',8,17),(72,2,150000,60,'F',8,17),(72,3,100000,72,'A',18,29),(72,3,100000,72,'B',18,29),(72,3,100000,72,'C',18,29),(72,3,100000,72,'D',18,29),(72,3,100000,72,'E',18,29),(72,3,100000,72,'F',18,29),(73,1,200000,42,'A',1,7),(73,1,200000,42,'B',1,7),(73,1,200000,42,'C',1,7),(73,1,200000,42,'D',1,7),(73,1,200000,42,'E',1,7),(73,1,200000,42,'F',1,7),(73,2,150000,60,'A',8,17),(73,2,150000,60,'B',8,17),(73,2,150000,60,'C',8,17),(73,2,150000,60,'D',8,17),(73,2,150000,60,'E',8,17),(73,2,150000,60,'F',8,17),(73,3,100000,72,'A',18,29),(73,3,100000,72,'B',18,29),(73,3,100000,72,'C',18,29),(73,3,100000,72,'D',18,29),(73,3,100000,72,'E',18,29),(73,3,100000,72,'F',18,29),(74,1,200000,42,'A',1,7),(74,1,200000,42,'B',1,7),(74,1,200000,42,'C',1,7),(74,1,200000,42,'D',1,7),(74,1,200000,42,'E',1,7),(74,1,200000,42,'F',1,7),(74,2,150000,60,'A',8,17),(74,2,150000,60,'B',8,17),(74,2,150000,60,'C',8,17),(74,2,150000,60,'D',8,17),(74,2,150000,60,'E',8,17),(74,2,150000,60,'F',8,17),(74,3,100000,72,'A',18,29),(74,3,100000,72,'B',18,29),(74,3,100000,72,'C',18,29),(74,3,100000,72,'D',18,29),(74,3,100000,72,'E',18,29),(74,3,100000,72,'F',18,29),(75,1,200000,42,'A',1,7),(75,1,200000,42,'B',1,7),(75,1,200000,42,'C',1,7),(75,1,200000,42,'D',1,7),(75,1,200000,42,'E',1,7),(75,1,200000,42,'F',1,7),(75,2,150000,60,'A',8,17),(75,2,150000,60,'B',8,17),(75,2,150000,60,'C',8,17),(75,2,150000,60,'D',8,17),(75,2,150000,60,'E',8,17),(75,2,150000,60,'F',8,17),(75,3,100000,72,'A',18,29),(75,3,100000,72,'B',18,29),(75,3,100000,72,'C',18,29),(75,3,100000,72,'D',18,29),(75,3,100000,72,'E',18,29),(75,3,100000,72,'F',18,29),(76,1,200000,42,'A',1,7),(76,1,200000,42,'B',1,7),(76,1,200000,42,'C',1,7),(76,1,200000,42,'D',1,7),(76,1,200000,42,'E',1,7),(76,1,200000,42,'F',1,7),(76,2,150000,60,'A',8,17),(76,2,150000,60,'B',8,17),(76,2,150000,60,'C',8,17),(76,2,150000,60,'D',8,17),(76,2,150000,60,'E',8,17),(76,2,150000,60,'F',8,17),(76,3,100000,72,'A',18,29),(76,3,100000,72,'B',18,29),(76,3,100000,72,'C',18,29),(76,3,100000,72,'D',18,29),(76,3,100000,72,'E',18,29),(76,3,100000,72,'F',18,29),(77,1,200000,42,'A',1,7),(77,1,200000,42,'B',1,7),(77,1,200000,42,'C',1,7),(77,1,200000,42,'D',1,7),(77,1,200000,42,'E',1,7),(77,1,200000,42,'F',1,7),(77,2,150000,60,'A',8,17),(77,2,150000,60,'B',8,17),(77,2,150000,60,'C',8,17),(77,2,150000,60,'D',8,17),(77,2,150000,60,'E',8,17),(77,2,150000,60,'F',8,17),(77,3,100000,72,'A',18,29),(77,3,100000,72,'B',18,29),(77,3,100000,72,'C',18,29),(77,3,100000,72,'D',18,29),(77,3,100000,72,'E',18,29),(77,3,100000,72,'F',18,29),(78,1,200000,42,'A',1,7),(78,1,200000,42,'B',1,7),(78,1,200000,42,'C',1,7),(78,1,200000,42,'D',1,7),(78,1,200000,42,'E',1,7),(78,1,200000,42,'F',1,7),(78,2,150000,60,'A',8,17),(78,2,150000,60,'B',8,17),(78,2,150000,60,'C',8,17),(78,2,150000,60,'D',8,17),(78,2,150000,60,'E',8,17),(78,2,150000,60,'F',8,17),(78,3,100000,72,'A',18,29),(78,3,100000,72,'B',18,29),(78,3,100000,72,'C',18,29),(78,3,100000,72,'D',18,29),(78,3,100000,72,'E',18,29),(78,3,100000,72,'F',18,29),(79,1,200000,42,'A',1,7),(79,1,200000,42,'B',1,7),(79,1,200000,42,'C',1,7),(79,1,200000,42,'D',1,7),(79,1,200000,42,'E',1,7),(79,1,200000,42,'F',1,7),(79,2,150000,60,'A',8,17),(79,2,150000,60,'B',8,17),(79,2,150000,60,'C',8,17),(79,2,150000,60,'D',8,17),(79,2,150000,60,'E',8,17),(79,2,150000,60,'F',8,17),(79,3,100000,72,'A',18,29),(79,3,100000,72,'B',18,29),(79,3,100000,72,'C',18,29),(79,3,100000,72,'D',18,29),(79,3,100000,72,'E',18,29),(79,3,100000,72,'F',18,29),(80,1,200000,42,'A',1,7),(80,1,200000,42,'B',1,7),(80,1,200000,42,'C',1,7),(80,1,200000,42,'D',1,7),(80,1,200000,42,'E',1,7),(80,1,200000,42,'F',1,7),(80,2,150000,60,'A',8,17),(80,2,150000,60,'B',8,17),(80,2,150000,60,'C',8,17),(80,2,150000,60,'D',8,17),(80,2,150000,60,'E',8,17),(80,2,150000,60,'F',8,17),(80,3,100000,72,'A',18,29),(80,3,100000,72,'B',18,29),(80,3,100000,72,'C',18,29),(80,3,100000,72,'D',18,29),(80,3,100000,72,'E',18,29),(80,3,100000,72,'F',18,29),(81,1,200000,42,'A',1,7),(81,1,200000,42,'B',1,7),(81,1,200000,42,'C',1,7),(81,1,200000,42,'D',1,7),(81,1,200000,42,'E',1,7),(81,1,200000,42,'F',1,7),(81,2,150000,60,'A',8,17),(81,2,150000,60,'B',8,17),(81,2,150000,60,'C',8,17),(81,2,150000,60,'D',8,17),(81,2,150000,60,'E',8,17),(81,2,150000,60,'F',8,17),(81,3,100000,72,'A',18,29),(81,3,100000,72,'B',18,29),(81,3,100000,72,'C',18,29),(81,3,100000,72,'D',18,29),(81,3,100000,72,'E',18,29),(81,3,100000,72,'F',18,29),(82,1,200000,42,'A',1,7),(82,1,200000,42,'B',1,7),(82,1,200000,42,'C',1,7),(82,1,200000,42,'D',1,7),(82,1,200000,42,'E',1,7),(82,1,200000,42,'F',1,7),(82,2,150000,60,'A',8,17),(82,2,150000,60,'B',8,17),(82,2,150000,60,'C',8,17),(82,2,150000,60,'D',8,17),(82,2,150000,60,'E',8,17),(82,2,150000,60,'F',8,17),(82,3,100000,72,'A',18,29),(82,3,100000,72,'B',18,29),(82,3,100000,72,'C',18,29),(82,3,100000,72,'D',18,29),(82,3,100000,72,'E',18,29),(82,3,100000,72,'F',18,29),(83,1,200000,42,'A',1,7),(83,1,200000,42,'B',1,7),(83,1,200000,42,'C',1,7),(83,1,200000,42,'D',1,7),(83,1,200000,42,'E',1,7),(83,1,200000,42,'F',1,7),(83,2,150000,60,'A',8,17),(83,2,150000,60,'B',8,17),(83,2,150000,60,'C',8,17),(83,2,150000,60,'D',8,17),(83,2,150000,60,'E',8,17),(83,2,150000,60,'F',8,17),(83,3,100000,72,'A',18,29),(83,3,100000,72,'B',18,29),(83,3,100000,72,'C',18,29),(83,3,100000,72,'D',18,29),(83,3,100000,72,'E',18,29),(83,3,100000,72,'F',18,29),(84,1,200000,42,'A',1,7),(84,1,200000,42,'B',1,7),(84,1,200000,42,'C',1,7),(84,1,200000,42,'D',1,7),(84,1,200000,42,'E',1,7),(84,1,200000,42,'F',1,7),(84,2,150000,60,'A',8,17),(84,2,150000,60,'B',8,17),(84,2,150000,60,'C',8,17),(84,2,150000,60,'D',8,17),(84,2,150000,60,'E',8,17),(84,2,150000,60,'F',8,17),(84,3,100000,72,'A',18,29),(84,3,100000,72,'B',18,29),(84,3,100000,72,'C',18,29),(84,3,100000,72,'D',18,29),(84,3,100000,72,'E',18,29),(84,3,100000,72,'F',18,29),(85,1,200000,42,'A',1,7),(85,1,200000,42,'B',1,7),(85,1,200000,42,'C',1,7),(85,1,200000,42,'D',1,7),(85,1,200000,42,'E',1,7),(85,1,200000,42,'F',1,7),(85,2,150000,60,'A',8,17),(85,2,150000,60,'B',8,17),(85,2,150000,60,'C',8,17),(85,2,150000,60,'D',8,17),(85,2,150000,60,'E',8,17),(85,2,150000,60,'F',8,17),(85,3,100000,72,'A',18,29),(85,3,100000,72,'B',18,29),(85,3,100000,72,'C',18,29),(85,3,100000,72,'D',18,29),(85,3,100000,72,'E',18,29),(85,3,100000,72,'F',18,29),(86,1,200000,42,'A',1,7),(86,1,200000,42,'B',1,7),(86,1,200000,42,'C',1,7),(86,1,200000,42,'D',1,7),(86,1,200000,42,'E',1,7),(86,1,200000,42,'F',1,7),(86,2,150000,60,'A',8,17),(86,2,150000,60,'B',8,17),(86,2,150000,60,'C',8,17),(86,2,150000,60,'D',8,17),(86,2,150000,60,'E',8,17),(86,2,150000,60,'F',8,17),(86,3,100000,72,'A',18,29),(86,3,100000,72,'B',18,29),(86,3,100000,72,'C',18,29),(86,3,100000,72,'D',18,29),(86,3,100000,72,'E',18,29),(86,3,100000,72,'F',18,29),(87,1,200000,42,'A',1,7),(87,1,200000,42,'B',1,7),(87,1,200000,42,'C',1,7),(87,1,200000,42,'D',1,7),(87,1,200000,42,'E',1,7),(87,1,200000,42,'F',1,7),(87,2,150000,60,'A',8,17),(87,2,150000,60,'B',8,17),(87,2,150000,60,'C',8,17),(87,2,150000,60,'D',8,17),(87,2,150000,60,'E',8,17),(87,2,150000,60,'F',8,17),(87,3,100000,72,'A',18,29),(87,3,100000,72,'B',18,29),(87,3,100000,72,'C',18,29),(87,3,100000,72,'D',18,29),(87,3,100000,72,'E',18,29),(87,3,100000,72,'F',18,29),(88,1,200000,42,'A',1,7),(88,1,200000,42,'B',1,7),(88,1,200000,42,'C',1,7),(88,1,200000,42,'D',1,7),(88,1,200000,42,'E',1,7),(88,1,200000,42,'F',1,7),(88,2,150000,60,'A',8,17),(88,2,150000,60,'B',8,17),(88,2,150000,60,'C',8,17),(88,2,150000,60,'D',8,17),(88,2,150000,60,'E',8,17),(88,2,150000,60,'F',8,17),(88,3,100000,72,'A',18,29),(88,3,100000,72,'B',18,29),(88,3,100000,72,'C',18,29),(88,3,100000,72,'D',18,29),(88,3,100000,72,'E',18,29),(88,3,100000,72,'F',18,29),(89,1,200000,42,'A',1,7),(89,1,200000,42,'B',1,7),(89,1,200000,42,'C',1,7),(89,1,200000,42,'D',1,7),(89,1,200000,42,'E',1,7),(89,1,200000,42,'F',1,7),(89,2,150000,60,'A',8,17),(89,2,150000,60,'B',8,17),(89,2,150000,60,'C',8,17),(89,2,150000,60,'D',8,17),(89,2,150000,60,'E',8,17),(89,2,150000,60,'F',8,17),(89,3,100000,72,'A',18,29),(89,3,100000,72,'B',18,29),(89,3,100000,72,'C',18,29),(89,3,100000,72,'D',18,29),(89,3,100000,72,'E',18,29),(89,3,100000,72,'F',18,29),(90,1,200000,42,'A',1,7),(90,1,200000,42,'B',1,7),(90,1,200000,42,'C',1,7),(90,1,200000,42,'D',1,7),(90,1,200000,42,'E',1,7),(90,1,200000,42,'F',1,7),(90,2,150000,60,'A',8,17),(90,2,150000,60,'B',8,17),(90,2,150000,60,'C',8,17),(90,2,150000,60,'D',8,17),(90,2,150000,60,'E',8,17),(90,2,150000,60,'F',8,17),(90,3,100000,72,'A',18,29),(90,3,100000,72,'B',18,29),(90,3,100000,72,'C',18,29),(90,3,100000,72,'D',18,29),(90,3,100000,72,'E',18,29),(90,3,100000,72,'F',18,29),(91,1,200000,42,'A',1,7),(91,1,200000,42,'B',1,7),(91,1,200000,42,'C',1,7),(91,1,200000,42,'D',1,7),(91,1,200000,42,'E',1,7),(91,1,200000,42,'F',1,7),(91,2,150000,60,'A',8,17),(91,2,150000,60,'B',8,17),(91,2,150000,60,'C',8,17),(91,2,150000,60,'D',8,17),(91,2,150000,60,'E',8,17),(91,2,150000,60,'F',8,17),(91,3,100000,72,'A',18,29),(91,3,100000,72,'B',18,29),(91,3,100000,72,'C',18,29),(91,3,100000,72,'D',18,29),(91,3,100000,72,'E',18,29),(91,3,100000,72,'F',18,29),(92,1,200000,42,'A',1,7),(92,1,200000,42,'B',1,7),(92,1,200000,42,'C',1,7),(92,1,200000,42,'D',1,7),(92,1,200000,42,'E',1,7),(92,1,200000,42,'F',1,7),(92,2,150000,60,'A',8,17),(92,2,150000,60,'B',8,17),(92,2,150000,60,'C',8,17),(92,2,150000,60,'D',8,17),(92,2,150000,60,'E',8,17),(92,2,150000,60,'F',8,17),(92,3,100000,72,'A',18,29),(92,3,100000,72,'B',18,29),(92,3,100000,72,'C',18,29),(92,3,100000,72,'D',18,29),(92,3,100000,72,'E',18,29),(92,3,100000,72,'F',18,29),(93,1,200000,42,'A',1,7),(93,1,200000,42,'B',1,7),(93,1,200000,42,'C',1,7),(93,1,200000,42,'D',1,7),(93,1,200000,42,'E',1,7),(93,1,200000,42,'F',1,7),(93,2,150000,60,'A',8,17),(93,2,150000,60,'B',8,17),(93,2,150000,60,'C',8,17),(93,2,150000,60,'D',8,17),(93,2,150000,60,'E',8,17),(93,2,150000,60,'F',8,17),(93,3,100000,72,'A',18,29),(93,3,100000,72,'B',18,29),(93,3,100000,72,'C',18,29),(93,3,100000,72,'D',18,29),(93,3,100000,72,'E',18,29),(93,3,100000,72,'F',18,29),(94,1,200000,42,'A',1,7),(94,1,200000,42,'B',1,7),(94,1,200000,42,'C',1,7),(94,1,200000,42,'D',1,7),(94,1,200000,42,'E',1,7),(94,1,200000,42,'F',1,7),(94,2,150000,60,'A',8,17),(94,2,150000,60,'B',8,17),(94,2,150000,60,'C',8,17),(94,2,150000,60,'D',8,17),(94,2,150000,60,'E',8,17),(94,2,150000,60,'F',8,17),(94,3,100000,72,'A',18,29),(94,3,100000,72,'B',18,29),(94,3,100000,72,'C',18,29),(94,3,100000,72,'D',18,29),(94,3,100000,72,'E',18,29),(94,3,100000,72,'F',18,29),(95,1,200000,42,'A',1,7),(95,1,200000,42,'B',1,7),(95,1,200000,42,'C',1,7),(95,1,200000,42,'D',1,7),(95,1,200000,42,'E',1,7),(95,1,200000,42,'F',1,7),(95,2,150000,60,'A',8,17),(95,2,150000,60,'B',8,17),(95,2,150000,60,'C',8,17),(95,2,150000,60,'D',8,17),(95,2,150000,60,'E',8,17),(95,2,150000,60,'F',8,17),(95,3,100000,72,'A',18,29),(95,3,100000,72,'B',18,29),(95,3,100000,72,'C',18,29),(95,3,100000,72,'D',18,29),(95,3,100000,72,'E',18,29),(95,3,100000,72,'F',18,29),(96,1,200000,42,'A',1,7),(96,1,200000,42,'B',1,7),(96,1,200000,42,'C',1,7),(96,1,200000,42,'D',1,7),(96,1,200000,42,'E',1,7),(96,1,200000,42,'F',1,7),(96,2,150000,60,'A',8,17),(96,2,150000,60,'B',8,17),(96,2,150000,60,'C',8,17),(96,2,150000,60,'D',8,17),(96,2,150000,60,'E',8,17),(96,2,150000,60,'F',8,17),(96,3,100000,72,'A',18,29),(96,3,100000,72,'B',18,29),(96,3,100000,72,'C',18,29),(96,3,100000,72,'D',18,29),(96,3,100000,72,'E',18,29),(96,3,100000,72,'F',18,29),(97,1,200000,42,'A',1,7),(97,1,200000,42,'B',1,7),(97,1,200000,42,'C',1,7),(97,1,200000,42,'D',1,7),(97,1,200000,42,'E',1,7),(97,1,200000,42,'F',1,7),(97,2,150000,60,'A',8,17),(97,2,150000,60,'B',8,17),(97,2,150000,60,'C',8,17),(97,2,150000,60,'D',8,17),(97,2,150000,60,'E',8,17),(97,2,150000,60,'F',8,17),(97,3,100000,72,'A',18,29),(97,3,100000,72,'B',18,29),(97,3,100000,72,'C',18,29),(97,3,100000,72,'D',18,29),(97,3,100000,72,'E',18,29),(97,3,100000,72,'F',18,29),(98,1,200000,42,'A',1,7),(98,1,200000,42,'B',1,7),(98,1,200000,42,'C',1,7),(98,1,200000,42,'D',1,7),(98,1,200000,42,'E',1,7),(98,1,200000,42,'F',1,7),(98,2,150000,60,'A',8,17),(98,2,150000,60,'B',8,17),(98,2,150000,60,'C',8,17),(98,2,150000,60,'D',8,17),(98,2,150000,60,'E',8,17),(98,2,150000,60,'F',8,17),(98,3,100000,72,'A',18,29),(98,3,100000,72,'B',18,29),(98,3,100000,72,'C',18,29),(98,3,100000,72,'D',18,29),(98,3,100000,72,'E',18,29),(98,3,100000,72,'F',18,29),(99,1,200000,42,'A',1,7),(99,1,200000,42,'B',1,7),(99,1,200000,42,'C',1,7),(99,1,200000,42,'D',1,7),(99,1,200000,42,'E',1,7),(99,1,200000,42,'F',1,7),(99,2,150000,60,'A',8,17),(99,2,150000,60,'B',8,17),(99,2,150000,60,'C',8,17),(99,2,150000,60,'D',8,17),(99,2,150000,60,'E',8,17),(99,2,150000,60,'F',8,17),(99,3,100000,72,'A',18,29),(99,3,100000,72,'B',18,29),(99,3,100000,72,'C',18,29),(99,3,100000,72,'D',18,29),(99,3,100000,72,'E',18,29),(99,3,100000,72,'F',18,29),(100,1,200000,42,'A',1,7),(100,1,200000,42,'B',1,7),(100,1,200000,42,'C',1,7),(100,1,200000,42,'D',1,7),(100,1,200000,42,'E',1,7),(100,1,200000,42,'F',1,7),(100,2,150000,60,'A',8,17),(100,2,150000,60,'B',8,17),(100,2,150000,60,'C',8,17),(100,2,150000,60,'D',8,17),(100,2,150000,60,'E',8,17),(100,2,150000,60,'F',8,17),(100,3,100000,72,'A',18,29),(100,3,100000,72,'B',18,29),(100,3,100000,72,'C',18,29),(100,3,100000,72,'D',18,29),(100,3,100000,72,'E',18,29),(100,3,100000,72,'F',18,29),(101,1,200000,42,'A',1,7),(101,1,200000,42,'B',1,7),(101,1,200000,42,'C',1,7),(101,1,200000,42,'D',1,7),(101,1,200000,42,'E',1,7),(101,1,200000,42,'F',1,7),(101,2,150000,60,'A',8,17),(101,2,150000,60,'B',8,17),(101,2,150000,60,'C',8,17),(101,2,150000,60,'D',8,17),(101,2,150000,60,'E',8,17),(101,2,150000,60,'F',8,17),(101,3,100000,72,'A',18,29),(101,3,100000,72,'B',18,29),(101,3,100000,72,'C',18,29),(101,3,100000,72,'D',18,29),(101,3,100000,72,'E',18,29),(101,3,100000,72,'F',18,29),(102,1,200000,42,'A',1,7),(102,1,200000,42,'B',1,7),(102,1,200000,42,'C',1,7),(102,1,200000,42,'D',1,7),(102,1,200000,42,'E',1,7),(102,1,200000,42,'F',1,7),(102,2,150000,60,'A',8,17),(102,2,150000,60,'B',8,17),(102,2,150000,60,'C',8,17),(102,2,150000,60,'D',8,17),(102,2,150000,60,'E',8,17),(102,2,150000,60,'F',8,17),(102,3,100000,72,'A',18,29),(102,3,100000,72,'B',18,29),(102,3,100000,72,'C',18,29),(102,3,100000,72,'D',18,29),(102,3,100000,72,'E',18,29),(102,3,100000,72,'F',18,29),(103,1,200000,42,'A',1,7),(103,1,200000,42,'B',1,7),(103,1,200000,42,'C',1,7),(103,1,200000,42,'D',1,7),(103,1,200000,42,'E',1,7),(103,1,200000,42,'F',1,7),(103,2,150000,60,'A',8,17),(103,2,150000,60,'B',8,17),(103,2,150000,60,'C',8,17),(103,2,150000,60,'D',8,17),(103,2,150000,60,'E',8,17),(103,2,150000,60,'F',8,17),(103,3,100000,72,'A',18,29),(103,3,100000,72,'B',18,29),(103,3,100000,72,'C',18,29),(103,3,100000,72,'D',18,29),(103,3,100000,72,'E',18,29),(103,3,100000,72,'F',18,29),(104,1,200000,42,'A',1,7),(104,1,200000,42,'B',1,7),(104,1,200000,42,'C',1,7),(104,1,200000,42,'D',1,7),(104,1,200000,42,'E',1,7),(104,1,200000,42,'F',1,7),(104,2,150000,60,'A',8,17),(104,2,150000,60,'B',8,17),(104,2,150000,60,'C',8,17),(104,2,150000,60,'D',8,17),(104,2,150000,60,'E',8,17),(104,2,150000,60,'F',8,17),(104,3,100000,72,'A',18,29),(104,3,100000,72,'B',18,29),(104,3,100000,72,'C',18,29),(104,3,100000,72,'D',18,29),(104,3,100000,72,'E',18,29),(104,3,100000,72,'F',18,29),(105,1,200000,42,'A',1,7),(105,1,200000,42,'B',1,7),(105,1,200000,42,'C',1,7),(105,1,200000,42,'D',1,7),(105,1,200000,42,'E',1,7),(105,1,200000,42,'F',1,7),(105,2,150000,60,'A',8,17),(105,2,150000,60,'B',8,17),(105,2,150000,60,'C',8,17),(105,2,150000,60,'D',8,17),(105,2,150000,60,'E',8,17),(105,2,150000,60,'F',8,17),(105,3,100000,72,'A',18,29),(105,3,100000,72,'B',18,29),(105,3,100000,72,'C',18,29),(105,3,100000,72,'D',18,29),(105,3,100000,72,'E',18,29),(105,3,100000,72,'F',18,29),(106,1,200000,42,'A',1,7),(106,1,200000,42,'B',1,7),(106,1,200000,42,'C',1,7),(106,1,200000,42,'D',1,7),(106,1,200000,42,'E',1,7),(106,1,200000,42,'F',1,7),(106,2,150000,60,'A',8,17),(106,2,150000,60,'B',8,17),(106,2,150000,60,'C',8,17),(106,2,150000,60,'D',8,17),(106,2,150000,60,'E',8,17),(106,2,150000,60,'F',8,17),(106,3,100000,72,'A',18,29),(106,3,100000,72,'B',18,29),(106,3,100000,72,'C',18,29),(106,3,100000,72,'D',18,29),(106,3,100000,72,'E',18,29),(106,3,100000,72,'F',18,29),(107,1,200000,42,'A',1,7),(107,1,200000,42,'B',1,7),(107,1,200000,42,'C',1,7),(107,1,200000,42,'D',1,7),(107,1,200000,42,'E',1,7),(107,1,200000,42,'F',1,7),(107,2,150000,60,'A',8,17),(107,2,150000,60,'B',8,17),(107,2,150000,60,'C',8,17),(107,2,150000,60,'D',8,17),(107,2,150000,60,'E',8,17),(107,2,150000,60,'F',8,17),(107,3,100000,72,'A',18,29),(107,3,100000,72,'B',18,29),(107,3,100000,72,'C',18,29),(107,3,100000,72,'D',18,29),(107,3,100000,72,'E',18,29),(107,3,100000,72,'F',18,29),(108,1,200000,42,'A',1,7),(108,1,200000,42,'B',1,7),(108,1,200000,42,'C',1,7),(108,1,200000,42,'D',1,7),(108,1,200000,42,'E',1,7),(108,1,200000,42,'F',1,7),(108,2,150000,60,'A',8,17),(108,2,150000,60,'B',8,17),(108,2,150000,60,'C',8,17),(108,2,150000,60,'D',8,17),(108,2,150000,60,'E',8,17),(108,2,150000,60,'F',8,17),(108,3,100000,72,'A',18,29),(108,3,100000,72,'B',18,29),(108,3,100000,72,'C',18,29),(108,3,100000,72,'D',18,29),(108,3,100000,72,'E',18,29),(108,3,100000,72,'F',18,29),(109,1,200000,42,'A',1,7),(109,1,200000,42,'B',1,7),(109,1,200000,42,'C',1,7),(109,1,200000,42,'D',1,7),(109,1,200000,42,'E',1,7),(109,1,200000,42,'F',1,7),(109,2,150000,60,'A',8,17),(109,2,150000,60,'B',8,17),(109,2,150000,60,'C',8,17),(109,2,150000,60,'D',8,17),(109,2,150000,60,'E',8,17),(109,2,150000,60,'F',8,17),(109,3,100000,72,'A',18,29),(109,3,100000,72,'B',18,29),(109,3,100000,72,'C',18,29),(109,3,100000,72,'D',18,29),(109,3,100000,72,'E',18,29),(109,3,100000,72,'F',18,29),(110,1,200000,42,'A',1,7),(110,1,200000,42,'B',1,7),(110,1,200000,42,'C',1,7),(110,1,200000,42,'D',1,7),(110,1,200000,42,'E',1,7),(110,1,200000,42,'F',1,7),(110,2,150000,60,'A',8,17),(110,2,150000,60,'B',8,17),(110,2,150000,60,'C',8,17),(110,2,150000,60,'D',8,17),(110,2,150000,60,'E',8,17),(110,2,150000,60,'F',8,17),(110,3,100000,72,'A',18,29),(110,3,100000,72,'B',18,29),(110,3,100000,72,'C',18,29),(110,3,100000,72,'D',18,29),(110,3,100000,72,'E',18,29),(110,3,100000,72,'F',18,29),(111,1,200000,42,'A',1,7),(111,1,200000,42,'B',1,7),(111,1,200000,42,'C',1,7),(111,1,200000,42,'D',1,7),(111,1,200000,42,'E',1,7),(111,1,200000,42,'F',1,7),(111,2,150000,60,'A',8,17),(111,2,150000,60,'B',8,17),(111,2,150000,60,'C',8,17),(111,2,150000,60,'D',8,17),(111,2,150000,60,'E',8,17),(111,2,150000,60,'F',8,17),(111,3,100000,72,'A',18,29),(111,3,100000,72,'B',18,29),(111,3,100000,72,'C',18,29),(111,3,100000,72,'D',18,29),(111,3,100000,72,'E',18,29),(111,3,100000,72,'F',18,29),(112,1,200000,42,'A',1,7),(112,1,200000,42,'B',1,7),(112,1,200000,42,'C',1,7),(112,1,200000,42,'D',1,7),(112,1,200000,42,'E',1,7),(112,1,200000,42,'F',1,7),(112,2,150000,60,'A',8,17),(112,2,150000,60,'B',8,17),(112,2,150000,60,'C',8,17),(112,2,150000,60,'D',8,17),(112,2,150000,60,'E',8,17),(112,2,150000,60,'F',8,17),(112,3,100000,72,'A',18,29),(112,3,100000,72,'B',18,29),(112,3,100000,72,'C',18,29),(112,3,100000,72,'D',18,29),(112,3,100000,72,'E',18,29),(112,3,100000,72,'F',18,29),(113,1,200000,42,'A',1,7),(113,1,200000,42,'B',1,7),(113,1,200000,42,'C',1,7),(113,1,200000,42,'D',1,7),(113,1,200000,42,'E',1,7),(113,1,200000,42,'F',1,7),(113,2,150000,60,'A',8,17),(113,2,150000,60,'B',8,17),(113,2,150000,60,'C',8,17),(113,2,150000,60,'D',8,17),(113,2,150000,60,'E',8,17),(113,2,150000,60,'F',8,17),(113,3,100000,72,'A',18,29),(113,3,100000,72,'B',18,29),(113,3,100000,72,'C',18,29),(113,3,100000,72,'D',18,29),(113,3,100000,72,'E',18,29),(113,3,100000,72,'F',18,29),(114,1,200000,42,'A',1,7),(114,1,200000,42,'B',1,7),(114,1,200000,42,'C',1,7),(114,1,200000,42,'D',1,7),(114,1,200000,42,'E',1,7),(114,1,200000,42,'F',1,7),(114,2,150000,60,'A',8,17),(114,2,150000,60,'B',8,17),(114,2,150000,60,'C',8,17),(114,2,150000,60,'D',8,17),(114,2,150000,60,'E',8,17),(114,2,150000,60,'F',8,17),(114,3,100000,72,'A',18,29),(114,3,100000,72,'B',18,29),(114,3,100000,72,'C',18,29),(114,3,100000,72,'D',18,29),(114,3,100000,72,'E',18,29),(114,3,100000,72,'F',18,29),(115,1,200000,42,'A',1,7),(115,1,200000,42,'B',1,7),(115,1,200000,42,'C',1,7),(115,1,200000,42,'D',1,7),(115,1,200000,42,'E',1,7),(115,1,200000,42,'F',1,7),(115,2,150000,60,'A',8,17),(115,2,150000,60,'B',8,17),(115,2,150000,60,'C',8,17),(115,2,150000,60,'D',8,17),(115,2,150000,60,'E',8,17),(115,2,150000,60,'F',8,17),(115,3,100000,72,'A',18,29),(115,3,100000,72,'B',18,29),(115,3,100000,72,'C',18,29),(115,3,100000,72,'D',18,29),(115,3,100000,72,'E',18,29),(115,3,100000,72,'F',18,29),(116,1,200000,42,'A',1,7),(116,1,200000,42,'B',1,7),(116,1,200000,42,'C',1,7),(116,1,200000,42,'D',1,7),(116,1,200000,42,'E',1,7),(116,1,200000,42,'F',1,7),(116,2,150000,60,'A',8,17),(116,2,150000,60,'B',8,17),(116,2,150000,60,'C',8,17),(116,2,150000,60,'D',8,17),(116,2,150000,60,'E',8,17),(116,2,150000,60,'F',8,17),(116,3,100000,72,'A',18,29),(116,3,100000,72,'B',18,29),(116,3,100000,72,'C',18,29),(116,3,100000,72,'D',18,29),(116,3,100000,72,'E',18,29),(116,3,100000,72,'F',18,29),(117,1,200000,42,'A',1,7),(117,1,200000,42,'B',1,7),(117,1,200000,42,'C',1,7),(117,1,200000,42,'D',1,7),(117,1,200000,42,'E',1,7),(117,1,200000,42,'F',1,7),(117,2,150000,60,'A',8,17),(117,2,150000,60,'B',8,17),(117,2,150000,60,'C',8,17),(117,2,150000,60,'D',8,17),(117,2,150000,60,'E',8,17),(117,2,150000,60,'F',8,17),(117,3,100000,72,'A',18,29),(117,3,100000,72,'B',18,29),(117,3,100000,72,'C',18,29),(117,3,100000,72,'D',18,29),(117,3,100000,72,'E',18,29),(117,3,100000,72,'F',18,29),(118,1,200000,42,'A',1,7),(118,1,200000,42,'B',1,7),(118,1,200000,42,'C',1,7),(118,1,200000,42,'D',1,7),(118,1,200000,42,'E',1,7),(118,1,200000,42,'F',1,7),(118,2,150000,60,'A',8,17),(118,2,150000,60,'B',8,17),(118,2,150000,60,'C',8,17),(118,2,150000,60,'D',8,17),(118,2,150000,60,'E',8,17),(118,2,150000,60,'F',8,17),(118,3,100000,72,'A',18,29),(118,3,100000,72,'B',18,29),(118,3,100000,72,'C',18,29),(118,3,100000,72,'D',18,29),(118,3,100000,72,'E',18,29),(118,3,100000,72,'F',18,29),(119,1,200000,42,'A',1,7),(119,1,200000,42,'B',1,7),(119,1,200000,42,'C',1,7),(119,1,200000,42,'D',1,7),(119,1,200000,42,'E',1,7),(119,1,200000,42,'F',1,7),(119,2,150000,60,'A',8,17),(119,2,150000,60,'B',8,17),(119,2,150000,60,'C',8,17),(119,2,150000,60,'D',8,17),(119,2,150000,60,'E',8,17),(119,2,150000,60,'F',8,17),(119,3,100000,72,'A',18,29),(119,3,100000,72,'B',18,29),(119,3,100000,72,'C',18,29),(119,3,100000,72,'D',18,29),(119,3,100000,72,'E',18,29),(119,3,100000,72,'F',18,29),(120,1,200000,42,'A',1,7),(120,1,200000,42,'B',1,7),(120,1,200000,42,'C',1,7),(120,1,200000,42,'D',1,7),(120,1,200000,42,'E',1,7),(120,1,200000,42,'F',1,7),(120,2,150000,60,'A',8,17),(120,2,150000,60,'B',8,17),(120,2,150000,60,'C',8,17),(120,2,150000,60,'D',8,17),(120,2,150000,60,'E',8,17),(120,2,150000,60,'F',8,17),(120,3,100000,72,'A',18,29),(120,3,100000,72,'B',18,29),(120,3,100000,72,'C',18,29),(120,3,100000,72,'D',18,29),(120,3,100000,72,'E',18,29),(120,3,100000,72,'F',18,29),(121,1,200000,42,'A',1,7),(121,1,200000,42,'B',1,7),(121,1,200000,42,'C',1,7),(121,1,200000,42,'D',1,7),(121,1,200000,42,'E',1,7),(121,1,200000,42,'F',1,7),(121,2,150000,60,'A',8,17),(121,2,150000,60,'B',8,17),(121,2,150000,60,'C',8,17),(121,2,150000,60,'D',8,17),(121,2,150000,60,'E',8,17),(121,2,150000,60,'F',8,17),(121,3,100000,72,'A',18,29),(121,3,100000,72,'B',18,29),(121,3,100000,72,'C',18,29),(121,3,100000,72,'D',18,29),(121,3,100000,72,'E',18,29),(121,3,100000,72,'F',18,29),(122,1,200000,42,'A',1,7),(122,1,200000,42,'B',1,7),(122,1,200000,42,'C',1,7),(122,1,200000,42,'D',1,7),(122,1,200000,42,'E',1,7),(122,1,200000,42,'F',1,7),(122,2,150000,60,'A',8,17),(122,2,150000,60,'B',8,17),(122,2,150000,60,'C',8,17),(122,2,150000,60,'D',8,17),(122,2,150000,60,'E',8,17),(122,2,150000,60,'F',8,17),(122,3,100000,72,'A',18,29),(122,3,100000,72,'B',18,29),(122,3,100000,72,'C',18,29),(122,3,100000,72,'D',18,29),(122,3,100000,72,'E',18,29),(122,3,100000,72,'F',18,29),(123,1,200000,42,'A',1,7),(123,1,200000,42,'B',1,7),(123,1,200000,42,'C',1,7),(123,1,200000,42,'D',1,7),(123,1,200000,42,'E',1,7),(123,1,200000,42,'F',1,7),(123,2,150000,60,'A',8,17),(123,2,150000,60,'B',8,17),(123,2,150000,60,'C',8,17),(123,2,150000,60,'D',8,17),(123,2,150000,60,'E',8,17),(123,2,150000,60,'F',8,17),(123,3,100000,72,'A',18,29),(123,3,100000,72,'B',18,29),(123,3,100000,72,'C',18,29),(123,3,100000,72,'D',18,29),(123,3,100000,72,'E',18,29),(123,3,100000,72,'F',18,29),(124,1,200000,42,'A',1,7),(124,1,200000,42,'B',1,7),(124,1,200000,42,'C',1,7),(124,1,200000,42,'D',1,7),(124,1,200000,42,'E',1,7),(124,1,200000,42,'F',1,7),(124,2,150000,60,'A',8,17),(124,2,150000,60,'B',8,17),(124,2,150000,60,'C',8,17),(124,2,150000,60,'D',8,17),(124,2,150000,60,'E',8,17),(124,2,150000,60,'F',8,17),(124,3,100000,72,'A',18,29),(124,3,100000,72,'B',18,29),(124,3,100000,72,'C',18,29),(124,3,100000,72,'D',18,29),(124,3,100000,72,'E',18,29),(124,3,100000,72,'F',18,29),(125,1,200000,42,'A',1,7),(125,1,200000,42,'B',1,7),(125,1,200000,42,'C',1,7),(125,1,200000,42,'D',1,7),(125,1,200000,42,'E',1,7),(125,1,200000,42,'F',1,7),(125,2,150000,60,'A',8,17),(125,2,150000,60,'B',8,17),(125,2,150000,60,'C',8,17),(125,2,150000,60,'D',8,17),(125,2,150000,60,'E',8,17),(125,2,150000,60,'F',8,17),(125,3,100000,72,'A',18,29),(125,3,100000,72,'B',18,29),(125,3,100000,72,'C',18,29),(125,3,100000,72,'D',18,29),(125,3,100000,72,'E',18,29),(125,3,100000,72,'F',18,29),(126,1,200000,42,'A',1,7),(126,1,200000,42,'B',1,7),(126,1,200000,42,'C',1,7),(126,1,200000,42,'D',1,7),(126,1,200000,42,'E',1,7),(126,1,200000,42,'F',1,7),(126,2,150000,60,'A',8,17),(126,2,150000,60,'B',8,17),(126,2,150000,60,'C',8,17),(126,2,150000,60,'D',8,17),(126,2,150000,60,'E',8,17),(126,2,150000,60,'F',8,17),(126,3,100000,72,'A',18,29),(126,3,100000,72,'B',18,29),(126,3,100000,72,'C',18,29),(126,3,100000,72,'D',18,29),(126,3,100000,72,'E',18,29),(126,3,100000,72,'F',18,29),(127,1,200000,42,'A',1,7),(127,1,200000,42,'B',1,7),(127,1,200000,42,'C',1,7),(127,1,200000,42,'D',1,7),(127,1,200000,42,'E',1,7),(127,1,200000,42,'F',1,7),(127,2,150000,60,'A',8,17),(127,2,150000,60,'B',8,17),(127,2,150000,60,'C',8,17),(127,2,150000,60,'D',8,17),(127,2,150000,60,'E',8,17),(127,2,150000,60,'F',8,17),(127,3,100000,72,'A',18,29),(127,3,100000,72,'B',18,29),(127,3,100000,72,'C',18,29),(127,3,100000,72,'D',18,29),(127,3,100000,72,'E',18,29),(127,3,100000,72,'F',18,29),(128,1,200000,42,'A',1,7),(128,1,200000,42,'B',1,7),(128,1,200000,42,'C',1,7),(128,1,200000,42,'D',1,7),(128,1,200000,42,'E',1,7),(128,1,200000,42,'F',1,7),(128,2,150000,60,'A',8,17),(128,2,150000,60,'B',8,17),(128,2,150000,60,'C',8,17),(128,2,150000,60,'D',8,17),(128,2,150000,60,'E',8,17),(128,2,150000,60,'F',8,17),(128,3,100000,72,'A',18,29),(128,3,100000,72,'B',18,29),(128,3,100000,72,'C',18,29),(128,3,100000,72,'D',18,29),(128,3,100000,72,'E',18,29),(128,3,100000,72,'F',18,29),(129,1,200000,42,'A',1,7),(129,1,200000,42,'B',1,7),(129,1,200000,42,'C',1,7),(129,1,200000,42,'D',1,7),(129,1,200000,42,'E',1,7),(129,1,200000,42,'F',1,7),(129,2,150000,60,'A',8,17),(129,2,150000,60,'B',8,17),(129,2,150000,60,'C',8,17),(129,2,150000,60,'D',8,17),(129,2,150000,60,'E',8,17),(129,2,150000,60,'F',8,17),(129,3,100000,72,'A',18,29),(129,3,100000,72,'B',18,29),(129,3,100000,72,'C',18,29),(129,3,100000,72,'D',18,29),(129,3,100000,72,'E',18,29),(129,3,100000,72,'F',18,29),(130,1,200000,42,'A',1,7),(130,1,200000,42,'B',1,7),(130,1,200000,42,'C',1,7),(130,1,200000,42,'D',1,7),(130,1,200000,42,'E',1,7),(130,1,200000,42,'F',1,7),(130,2,150000,60,'A',8,17),(130,2,150000,60,'B',8,17),(130,2,150000,60,'C',8,17),(130,2,150000,60,'D',8,17),(130,2,150000,60,'E',8,17),(130,2,150000,60,'F',8,17),(130,3,100000,72,'A',18,29),(130,3,100000,72,'B',18,29),(130,3,100000,72,'C',18,29),(130,3,100000,72,'D',18,29),(130,3,100000,72,'E',18,29),(130,3,100000,72,'F',18,29),(131,1,200000,42,'A',1,7),(131,1,200000,42,'B',1,7),(131,1,200000,42,'C',1,7),(131,1,200000,42,'D',1,7),(131,1,200000,42,'E',1,7),(131,1,200000,42,'F',1,7),(131,2,150000,60,'A',8,17),(131,2,150000,60,'B',8,17),(131,2,150000,60,'C',8,17),(131,2,150000,60,'D',8,17),(131,2,150000,60,'E',8,17),(131,2,150000,60,'F',8,17),(131,3,100000,72,'A',18,29),(131,3,100000,72,'B',18,29),(131,3,100000,72,'C',18,29),(131,3,100000,72,'D',18,29),(131,3,100000,72,'E',18,29),(131,3,100000,72,'F',18,29),(132,1,200000,42,'A',1,7),(132,1,200000,42,'B',1,7),(132,1,200000,42,'C',1,7),(132,1,200000,42,'D',1,7),(132,1,200000,42,'E',1,7),(132,1,200000,42,'F',1,7),(132,2,150000,60,'A',8,17),(132,2,150000,60,'B',8,17),(132,2,150000,60,'C',8,17),(132,2,150000,60,'D',8,17),(132,2,150000,60,'E',8,17),(132,2,150000,60,'F',8,17),(132,3,100000,72,'A',18,29),(132,3,100000,72,'B',18,29),(132,3,100000,72,'C',18,29),(132,3,100000,72,'D',18,29),(132,3,100000,72,'E',18,29),(132,3,100000,72,'F',18,29),(133,1,200000,42,'A',1,7),(133,1,200000,42,'B',1,7),(133,1,200000,42,'C',1,7),(133,1,200000,42,'D',1,7),(133,1,200000,42,'E',1,7),(133,1,200000,42,'F',1,7),(133,2,150000,60,'A',8,17),(133,2,150000,60,'B',8,17),(133,2,150000,60,'C',8,17),(133,2,150000,60,'D',8,17),(133,2,150000,60,'E',8,17),(133,2,150000,60,'F',8,17),(133,3,100000,72,'A',18,29),(133,3,100000,72,'B',18,29),(133,3,100000,72,'C',18,29),(133,3,100000,72,'D',18,29),(133,3,100000,72,'E',18,29),(133,3,100000,72,'F',18,29),(134,1,200000,42,'A',1,7),(134,1,200000,42,'B',1,7),(134,1,200000,42,'C',1,7),(134,1,200000,42,'D',1,7),(134,1,200000,42,'E',1,7),(134,1,200000,42,'F',1,7),(134,2,150000,60,'A',8,17),(134,2,150000,60,'B',8,17),(134,2,150000,60,'C',8,17),(134,2,150000,60,'D',8,17),(134,2,150000,60,'E',8,17),(134,2,150000,60,'F',8,17),(134,3,100000,72,'A',18,29),(134,3,100000,72,'B',18,29),(134,3,100000,72,'C',18,29),(134,3,100000,72,'D',18,29),(134,3,100000,72,'E',18,29),(134,3,100000,72,'F',18,29),(135,1,200000,42,'A',1,7),(135,1,200000,42,'B',1,7),(135,1,200000,42,'C',1,7),(135,1,200000,42,'D',1,7),(135,1,200000,42,'E',1,7),(135,1,200000,42,'F',1,7),(135,2,150000,60,'A',8,17),(135,2,150000,60,'B',8,17),(135,2,150000,60,'C',8,17),(135,2,150000,60,'D',8,17),(135,2,150000,60,'E',8,17),(135,2,150000,60,'F',8,17),(135,3,100000,72,'A',18,29),(135,3,100000,72,'B',18,29),(135,3,100000,72,'C',18,29),(135,3,100000,72,'D',18,29),(135,3,100000,72,'E',18,29),(135,3,100000,72,'F',18,29),(136,1,200000,42,'A',1,7),(136,1,200000,42,'B',1,7),(136,1,200000,42,'C',1,7),(136,1,200000,42,'D',1,7),(136,1,200000,42,'E',1,7),(136,1,200000,42,'F',1,7),(136,2,150000,60,'A',8,17),(136,2,150000,60,'B',8,17),(136,2,150000,60,'C',8,17),(136,2,150000,60,'D',8,17),(136,2,150000,60,'E',8,17),(136,2,150000,60,'F',8,17),(136,3,100000,72,'A',18,29),(136,3,100000,72,'B',18,29),(136,3,100000,72,'C',18,29),(136,3,100000,72,'D',18,29),(136,3,100000,72,'E',18,29),(136,3,100000,72,'F',18,29),(137,1,200000,42,'A',1,7),(137,1,200000,42,'B',1,7),(137,1,200000,42,'C',1,7),(137,1,200000,42,'D',1,7),(137,1,200000,42,'E',1,7),(137,1,200000,42,'F',1,7),(137,2,150000,60,'A',8,17),(137,2,150000,60,'B',8,17),(137,2,150000,60,'C',8,17),(137,2,150000,60,'D',8,17),(137,2,150000,60,'E',8,17),(137,2,150000,60,'F',8,17),(137,3,100000,72,'A',18,29),(137,3,100000,72,'B',18,29),(137,3,100000,72,'C',18,29),(137,3,100000,72,'D',18,29),(137,3,100000,72,'E',18,29),(137,3,100000,72,'F',18,29),(138,1,200000,42,'A',1,7),(138,1,200000,42,'B',1,7),(138,1,200000,42,'C',1,7),(138,1,200000,42,'D',1,7),(138,1,200000,42,'E',1,7),(138,1,200000,42,'F',1,7),(138,2,150000,60,'A',8,17),(138,2,150000,60,'B',8,17),(138,2,150000,60,'C',8,17),(138,2,150000,60,'D',8,17),(138,2,150000,60,'E',8,17),(138,2,150000,60,'F',8,17),(138,3,100000,72,'A',18,29),(138,3,100000,72,'B',18,29),(138,3,100000,72,'C',18,29),(138,3,100000,72,'D',18,29),(138,3,100000,72,'E',18,29),(138,3,100000,72,'F',18,29),(139,1,200000,42,'A',1,7),(139,1,200000,42,'B',1,7),(139,1,200000,42,'C',1,7),(139,1,200000,42,'D',1,7),(139,1,200000,42,'E',1,7),(139,1,200000,42,'F',1,7),(139,2,150000,60,'A',8,17),(139,2,150000,60,'B',8,17),(139,2,150000,60,'C',8,17),(139,2,150000,60,'D',8,17),(139,2,150000,60,'E',8,17),(139,2,150000,60,'F',8,17),(139,3,100000,72,'A',18,29),(139,3,100000,72,'B',18,29),(139,3,100000,72,'C',18,29),(139,3,100000,72,'D',18,29),(139,3,100000,72,'E',18,29),(139,3,100000,72,'F',18,29),(140,1,200000,42,'A',1,7),(140,1,200000,42,'B',1,7),(140,1,200000,42,'C',1,7),(140,1,200000,42,'D',1,7),(140,1,200000,42,'E',1,7),(140,1,200000,42,'F',1,7),(140,2,150000,60,'A',8,17),(140,2,150000,60,'B',8,17),(140,2,150000,60,'C',8,17),(140,2,150000,60,'D',8,17),(140,2,150000,60,'E',8,17),(140,2,150000,60,'F',8,17),(140,3,100000,72,'A',18,29),(140,3,100000,72,'B',18,29),(140,3,100000,72,'C',18,29),(140,3,100000,72,'D',18,29),(140,3,100000,72,'E',18,29),(140,3,100000,72,'F',18,29),(141,1,200000,42,'A',1,7),(141,1,200000,42,'B',1,7),(141,1,200000,42,'C',1,7),(141,1,200000,42,'D',1,7),(141,1,200000,42,'E',1,7),(141,1,200000,42,'F',1,7),(141,2,150000,60,'A',8,17),(141,2,150000,60,'B',8,17),(141,2,150000,60,'C',8,17),(141,2,150000,60,'D',8,17),(141,2,150000,60,'E',8,17),(141,2,150000,60,'F',8,17),(141,3,100000,72,'A',18,29),(141,3,100000,72,'B',18,29),(141,3,100000,72,'C',18,29),(141,3,100000,72,'D',18,29),(141,3,100000,72,'E',18,29),(141,3,100000,72,'F',18,29),(142,1,200000,42,'A',1,7),(142,1,200000,42,'B',1,7),(142,1,200000,42,'C',1,7),(142,1,200000,42,'D',1,7),(142,1,200000,42,'E',1,7),(142,1,200000,42,'F',1,7),(142,2,150000,60,'A',8,17),(142,2,150000,60,'B',8,17),(142,2,150000,60,'C',8,17),(142,2,150000,60,'D',8,17),(142,2,150000,60,'E',8,17),(142,2,150000,60,'F',8,17),(142,3,100000,72,'A',18,29),(142,3,100000,72,'B',18,29),(142,3,100000,72,'C',18,29),(142,3,100000,72,'D',18,29),(142,3,100000,72,'E',18,29),(142,3,100000,72,'F',18,29),(143,1,200000,42,'A',1,7),(143,1,200000,42,'B',1,7),(143,1,200000,42,'C',1,7),(143,1,200000,42,'D',1,7),(143,1,200000,42,'E',1,7),(143,1,200000,42,'F',1,7),(143,2,150000,60,'A',8,17),(143,2,150000,60,'B',8,17),(143,2,150000,60,'C',8,17),(143,2,150000,60,'D',8,17),(143,2,150000,60,'E',8,17),(143,2,150000,60,'F',8,17),(143,3,100000,72,'A',18,29),(143,3,100000,72,'B',18,29),(143,3,100000,72,'C',18,29),(143,3,100000,72,'D',18,29),(143,3,100000,72,'E',18,29),(143,3,100000,72,'F',18,29),(144,1,200000,42,'A',1,7),(144,1,200000,42,'B',1,7),(144,1,200000,42,'C',1,7),(144,1,200000,42,'D',1,7),(144,1,200000,42,'E',1,7),(144,1,200000,42,'F',1,7),(144,2,150000,60,'A',8,17),(144,2,150000,60,'B',8,17),(144,2,150000,60,'C',8,17),(144,2,150000,60,'D',8,17),(144,2,150000,60,'E',8,17),(144,2,150000,60,'F',8,17),(144,3,100000,72,'A',18,29),(144,3,100000,72,'B',18,29),(144,3,100000,72,'C',18,29),(144,3,100000,72,'D',18,29),(144,3,100000,72,'E',18,29),(144,3,100000,72,'F',18,29),(145,1,200000,42,'A',1,7),(145,1,200000,42,'B',1,7),(145,1,200000,42,'C',1,7),(145,1,200000,42,'D',1,7),(145,1,200000,42,'E',1,7),(145,1,200000,42,'F',1,7),(145,2,150000,60,'A',8,17),(145,2,150000,60,'B',8,17),(145,2,150000,60,'C',8,17),(145,2,150000,60,'D',8,17),(145,2,150000,60,'E',8,17),(145,2,150000,60,'F',8,17),(145,3,100000,72,'A',18,29),(145,3,100000,72,'B',18,29),(145,3,100000,72,'C',18,29),(145,3,100000,72,'D',18,29),(145,3,100000,72,'E',18,29),(145,3,100000,72,'F',18,29),(146,1,200000,42,'A',1,7),(146,1,200000,42,'B',1,7),(146,1,200000,42,'C',1,7),(146,1,200000,42,'D',1,7),(146,1,200000,42,'E',1,7),(146,1,200000,42,'F',1,7),(146,2,150000,60,'A',8,17),(146,2,150000,60,'B',8,17),(146,2,150000,60,'C',8,17),(146,2,150000,60,'D',8,17),(146,2,150000,60,'E',8,17),(146,2,150000,60,'F',8,17),(146,3,100000,72,'A',18,29),(146,3,100000,72,'B',18,29),(146,3,100000,72,'C',18,29),(146,3,100000,72,'D',18,29),(146,3,100000,72,'E',18,29);
/*!40000 ALTER TABLE `seat` ENABLE KEYS */;
UNLOCK TABLES;

--
-- Table structure for table `user`
--

DROP TABLE IF EXISTS `user`;
/*!40101 SET @saved_cs_client     = @@character_set_client */;
/*!50503 SET character_set_client = utf8mb4 */;
CREATE TABLE `user` (
  `USER_ID` int NOT NULL AUTO_INCREMENT,
  `FIRST_NAME` varchar(45) NOT NULL,
  `LAST_NAME` varchar(45) NOT NULL,
  `FULL_NAME` varchar(45) NOT NULL,
  `PASSWORD` varchar(45) NOT NULL,
  `PHONE` varchar(45) NOT NULL,
  `EMAIL` varchar(45) NOT NULL,
  `ADDRESS` varchar(45) DEFAULT NULL,
  `BIRTHDATE` date DEFAULT NULL,
  `GENDER` varchar(45) DEFAULT NULL,
  `USER_ROLE` varchar(45) NOT NULL DEFAULT 'user',
  PRIMARY KEY (`USER_ID`)
) ENGINE=InnoDB AUTO_INCREMENT=10017 DEFAULT CHARSET=utf8mb4 COLLATE=utf8mb4_0900_ai_ci;
/*!40101 SET character_set_client = @saved_cs_client */;

--
-- Dumping data for table `user`
--

LOCK TABLES `user` WRITE;
/*!40000 ALTER TABLE `user` DISABLE KEYS */;
INSERT INTO `user` VALUES (1,'리자','관','관리자','1111','없음','ADMIN',NULL,NULL,NULL,'admin'),(10000,'동윤','강','강동윤','1234','010-1111-1111','rkdehddbs@gmail.com','서울','1996-09-14','M','user'),(10001,'창혁','김','김창혁','2345','010-2222-2222','rlackdgur@gmail.com','서울','1997-01-01','M','user'),(10002,'재원','김','김재원','3456','010-3333-3333','rlawodnjs@gmail.com','서울','1998-02-02','M','user'),(10003,'윤정','강','강윤정','4567','010-4444-4444','rkddbswjd@gmail.com','서울','1999-03-03','F','user'),(10004,'재웅','정','정재웅','!ezen1234','010-5555-5555','wjdwodnd@gmail.com','서울','1996-07-07','M','user'),(10016,'파워전사','타락','타락파워전사','123456789a!','010-1111-1111','타락파워전사vv@naver.com','강남구 수정구','2022-01-01','M','user');
/*!40000 ALTER TABLE `user` ENABLE KEYS */;
UNLOCK TABLES;
/*!40103 SET TIME_ZONE=@OLD_TIME_ZONE */;

/*!40101 SET SQL_MODE=@OLD_SQL_MODE */;
/*!40014 SET FOREIGN_KEY_CHECKS=@OLD_FOREIGN_KEY_CHECKS */;
/*!40014 SET UNIQUE_CHECKS=@OLD_UNIQUE_CHECKS */;
/*!40101 SET CHARACTER_SET_CLIENT=@OLD_CHARACTER_SET_CLIENT */;
/*!40101 SET CHARACTER_SET_RESULTS=@OLD_CHARACTER_SET_RESULTS */;
/*!40101 SET COLLATION_CONNECTION=@OLD_COLLATION_CONNECTION */;
/*!40111 SET SQL_NOTES=@OLD_SQL_NOTES */;

-- Dump completed on 2022-12-02 17:36:56
